batch_size,lr,num_units,num_hidden_layers,value
117.0,0.00015868684296559073,1338.0,4.0,-1.0700879549980165
550.0,0.0012563856166117634,1055.0,10.0,-8.05114509748376
79.0,0.00099881254723474,1117.0,4.0,-0.8137005132436752
671.0,0.0008841196576415737,1098.0,8.0,-7.940168082714081
576.0,0.0015458606597769566,770.0,1.0,-0.621741863489151
477.0,0.0008092879217755676,145.0,9.0,-6.808250226974487
154.0,0.0018051291490068814,577.0,4.0,-1.1296520709991456
64.0,0.0026878802279208854,375.0,3.0,-1.3376139223575592
993.0,0.0018625512932948837,279.0,8.0,-6.638993844985962
553.0,0.0031105174797878337,44.0,9.0,-7.326249141693115
668.0,0.0007626071837017823,396.0,3.0,-2.1324308252334596
62.0,0.0008909724717300202,687.0,7.0,-7.485475957393646
754.0,0.0026010414744839267,1485.0,4.0,-1.5088836455345154
854.0,0.0042562533671330356,108.0,9.0,-7.368971185684204
447.0,0.0014721169031479905,189.0,4.0,-3.5830237674713135
467.0,0.0025017710886370108,1308.0,9.0,-8.057273864746094
681.0,0.0032316712028597257,408.0,4.0,-1.9049913477897644
362.0,0.004688026310267426,1332.0,3.0,-7.9135236740112305
311.0,0.0032512342244018543,683.0,6.0,-8.009474515914917
916.0,0.004641685631140604,1165.0,7.0,-8.149456024169922
187.0,0.001046448873130989,927.0,1.0,-0.5328158777952194
291.0,0.0026179475246025583,434.0,1.0,-0.608757044672966
85.0,0.0023168584509668712,668.0,6.0,-4.228482723236084
386.0,0.0006941931449360501,155.0,8.0,-6.783612112998963
501.0,0.0014963793992209937,1457.0,3.0,-0.7402183014154434
184.0,0.0013594322934334193,1133.0,5.0,-8.045920093854269
709.0,0.002985795766350575,261.0,10.0,-7.861520732321391
457.0,0.0001532238469246529,1090.0,6.0,-3.684522047042847
236.0,0.0033022900920135646,553.0,5.0,-1.3008528292179107
663.0,0.004935142702408518,1487.0,9.0,-8.437151908874512
922.0,0.00047509017100181075,606.0,8.0,-6.475798716545105
98.0,0.0038411911074355833,375.0,9.0,-8.053640097902532
984.0,0.00017096923779773166,1464.0,10.0,-6.7169449377059935
160.0,5.559392040916254e-05,258.0,3.0,-5.291523771286011
270.0,0.0009105993879914224,23.0,8.0,-7.651714234352112
422.0,0.002123564192445357,1157.0,8.0,-8.055550575256348
216.0,0.0029663675789906047,889.0,3.0,-0.7771909308433532
628.0,0.0017391662933847777,1132.0,8.0,-8.035682916641235
863.0,0.0029314569830429403,1461.0,5.0,-8.02267837524414
130.0,0.0030059622580501195,738.0,7.0,-8.057670729500908
709.0,0.004335738926752419,1146.0,4.0,-8.04824357032776
803.0,0.0008362225196253851,611.0,1.0,-1.3439362299442292
447.0,0.0014718067925936697,970.0,2.0,-0.6196420264244079
442.0,0.004902312795653629,1182.0,4.0,-8.0094104546767
936.0,0.00030295241723812545,1395.0,5.0,-2.7509047031402587
944.0,0.002391537301981838,550.0,2.0,-0.858235582113266
708.0,0.0031345013207244735,200.0,2.0,-1.4638928329944612
337.0,0.003604092331081981,798.0,6.0,-8.058060646057129
121.0,0.0038239864574029637,350.0,8.0,-5.648570645240046
704.0,0.0005125200646393245,1181.0,2.0,-0.9923429483175278
291.0,0.004305732822781417,395.0,2.0,-0.7739864277839661
632.0,0.004555087761545329,236.0,3.0,-1.6452255487442016
109.0,0.002901942097922005,1227.0,8.0,-8.065654754638672
386.0,0.004544819307378039,1073.0,5.0,-8.030108451843262
791.0,0.0034874671147703444,918.0,2.0,-0.6319111025333405
824.0,0.004810804027754664,819.0,2.0,-0.65487468957901
939.0,0.004651083327599379,1194.0,7.0,-8.130521774291992
345.0,0.0015133960263516073,1004.0,7.0,-8.027565956115723
840.0,0.0036241681227674,1309.0,9.0,-8.099148750305176
663.0,0.0014335568397052648,1176.0,7.0,-8.052918780933727
230.0,0.0016897636705176984,1128.0,2.0,-0.5973214912414551
535.0,0.0018706089131118099,1160.0,6.0,-8.052246348063152
691.0,0.0007913879143501886,493.0,1.0,-1.51357475399971
497.0,0.001999512903332125,1254.0,3.0,-0.7883835470676422
133.0,0.003039019791265669,150.0,3.0,-2.2533014154434206
876.0,0.004734603407204374,41.0,7.0,-6.770769324302673
81.0,0.000440706769281735,744.0,4.0,-1.4502391362190246
874.0,0.0045253522917436135,761.0,9.0,-8.06030559539795
395.0,0.0025297502729033482,685.0,1.0,-0.5627654814720153
356.0,0.001635135647401157,533.0,8.0,-4.826130108833313
814.0,0.004228283701229268,1265.0,9.0,-8.102409362792969
368.0,0.004501932553752032,513.0,4.0,-1.2320319902896881
146.0,0.004394111661636329,1231.0,3.0,-7.79545259475708
598.0,0.0026154304058245877,494.0,2.0,-0.7685944092273712
764.0,0.0005253991154034101,944.0,7.0,-4.496176924705505
918.0,0.003153028870023495,178.0,9.0,-7.571049771308899
435.0,0.004048543398135935,1164.0,6.0,-8.137514114379883
501.0,0.0027319270282103584,1042.0,6.0,-7.6686859130859375
780.0,0.003170206378358849,625.0,2.0,-0.7054951798915863
206.0,0.0012138805961779645,855.0,8.0,-8.05125499906994
862.0,0.003331088092490055,485.0,4.0,-2.12479119181633
929.0,0.0004219517439772701,1218.0,8.0,-6.977061729431153
523.0,0.0002379410154297716,952.0,9.0,-6.742757015228271
373.0,0.0034945515245759736,120.0,8.0,-5.910941433906555
120.0,0.0017519719077629587,83.0,9.0,-6.099206776618957
668.0,0.003461721253627234,557.0,3.0,-1.081180808544159
815.0,0.000836015799924565,78.0,6.0,-7.102784810066223
1000.0,0.004125322547628384,211.0,3.0,-2.148953573703766
706.0,0.003931350100011138,120.0,4.0,-3.761485242843628
934.0,0.004703531093678615,681.0,4.0,-2.822828016281128
975.0,0.00015862517806905445,1355.0,9.0,-6.867336187362671
531.0,0.0009861130935817737,261.0,1.0,-1.741812161207199
748.0,0.0009619952356577738,337.0,5.0,-4.186781024932861
761.0,0.0011258354873679463,580.0,3.0,-1.4534487581253053
876.0,0.004828155906708525,354.0,7.0,-7.9983370463053385
526.0,0.004377528645935359,835.0,7.0,-7.898550510406494
636.0,0.004026069694544949,922.0,3.0,-8.022176742553711
544.0,0.0023559551449861926,369.0,7.0,-6.191840047836304
680.0,0.0044536014156521695,1493.0,2.0,-0.7092787653207779
812.0,0.002273953878537266,875.0,7.0,-7.73479166507721
249.0,0.004771748820411232,207.0,10.0,-8.052090922991434
805.0,0.0008635402207544263,1239.0,1.0,-0.7528272354602814
909.0,0.00047394809277398036,643.0,7.0,-5.986965069770813
555.0,0.0005034565387589981,820.0,7.0,-4.530580215454101
766.0,0.003719198232661375,868.0,6.0,-7.8750975131988525
653.0,0.00011263762098511264,762.0,6.0,-5.43519205570221
251.0,0.0002722444611065971,357.0,3.0,-2.5980823397636414
999.0,0.0014963994974736131,1413.0,9.0,-8.052992343902588
975.0,0.0010815845203225507,635.0,2.0,-1.2065506708621978
602.0,0.000987426180853641,1272.0,4.0,-1.2359620702266694
109.0,0.0004049491918591193,886.0,7.0,-2.3184359073638916
514.0,0.003524456237829191,386.0,9.0,-8.0532470703125
685.0,0.0009212316568792389,782.0,4.0,-1.627874938249588
902.0,0.00498362080395893,413.0,6.0,-8.036332766215006
479.0,0.0009742690711898134,137.0,3.0,-3.5186911153793337
684.0,0.004398461420349129,692.0,2.0,-0.6805382758378983
557.0,0.002207592645842328,1109.0,3.0,-0.8319534593820572
241.0,0.0021829922161323277,558.0,4.0,-1.1951335203647613
751.0,0.003136826006379674,1292.0,9.0,-8.072521209716797
593.0,0.0029210134658582865,123.0,4.0,-3.5767305183410643
540.0,0.0020707606535524435,491.0,4.0,-1.875776904821396
966.0,0.001971186600094018,695.0,10.0,-8.052449584007263
809.0,0.0011481866479526918,495.0,7.0,-5.769541778564453
889.0,0.0006904220928259077,787.0,6.0,-4.054054932594299
960.0,0.004381974208996814,1302.0,9.0,-8.069774627685547
199.0,0.0036429201676835246,1150.0,3.0,-7.968902111053467
133.0,0.0010802592182808915,834.0,6.0,-1.403009467124939
333.0,4.393322515820365e-05,431.0,7.0,-6.8316917943954465
663.0,0.003220903028015525,1100.0,4.0,-1.4141533756256104
850.0,0.003775921988159955,393.0,6.0,-4.457358179092407
477.0,0.002372308628354258,423.0,5.0,-1.987097705602646
895.0,0.003963994602333319,1161.0,6.0,-8.093192100524902
254.0,0.0009511911580089837,95.0,8.0,-6.62104293346405
688.0,0.0036307630219746746,822.0,2.0,-0.6434152418375015
842.0,0.0033541605766792305,1385.0,10.0,-8.069144248962402
666.0,0.0033720292877103724,814.0,10.0,-8.057104587554932
657.0,0.0014799713863087739,913.0,7.0,-7.9284539222717285
984.0,0.000911578318450769,1164.0,3.0,-1.0515388196706772
885.0,0.0028475697441095716,1439.0,6.0,-8.028322219848633
393.0,0.00488557033910185,286.0,2.0,-0.8693216353654861
777.0,0.004369948188694718,258.0,2.0,-1.0980093276500702
97.0,0.0008080521086536184,1446.0,3.0,-0.7826342540979385
535.0,0.001820307965930122,288.0,4.0,-2.5691382336616515
95.0,0.003834844347631979,148.0,6.0,-3.217191581726074
516.0,0.004495235610303203,874.0,6.0,-8.066664695739746
384.0,0.0012778273697232959,33.0,4.0,-6.510968313217163
568.0,0.0018736399519814488,37.0,4.0,-6.180165405273438
869.0,0.0006546473252352367,795.0,10.0,-7.685074272155762
616.0,0.001236198589318618,412.0,2.0,-1.1959110474586487
998.0,0.001946628884825211,264.0,8.0,-6.835291185379028
400.0,0.0039491150636001915,1032.0,1.0,-0.5318391567468643
153.0,0.0013539524363955623,21.0,7.0,-7.023640079498291
449.0,0.003033159133673384,678.0,3.0,-0.941094463467598
887.0,0.0012236171986799455,1167.0,9.0,-8.04777711868286
143.0,0.003056874526395335,159.0,6.0,-2.902841279506683
262.0,0.00033067803641735816,754.0,7.0,-4.604836716651916
839.0,0.0016302615726724418,662.0,9.0,-8.051651954650879
554.0,0.0023948107542398015,414.0,7.0,-5.031113390922546
224.0,0.003678691608899483,1324.0,8.0,-8.143701553344727
491.0,0.0027035964912408505,759.0,3.0,-0.8905340611934662
705.0,0.0022109879390272264,1033.0,8.0,-8.054542779922485
449.0,0.0030532239334843453,1169.0,3.0,-0.7470551991462707
511.0,0.0020111381093095818,650.0,4.0,-1.5392326092720032
225.0,0.002603051365929954,1405.0,7.0,-5.639105439186096
253.0,0.0010122683848731036,736.0,4.0,-1.3838759005069732
553.0,0.00156668329178178,346.0,10.0,-7.339092874526978
802.0,0.004935034927545298,887.0,7.0,-8.07923412322998
297.0,0.0023870237859497075,321.0,7.0,-3.3898812675476075
934.0,0.003446990106021479,910.0,9.0,-8.063292503356934
423.0,0.0030286363406550098,666.0,10.0,-8.045186996459961
65.0,0.00022311300220088522,679.0,1.0,-0.7680622243881225
949.0,0.00046514697403292283,866.0,4.0,-2.464790563583374
321.0,0.004372707692936181,870.0,9.0,-8.078540325164795
286.0,0.001076201704674517,1420.0,1.0,-0.5232012504339218
374.0,0.004996759003373252,198.0,1.0,-0.7610022175312042
339.0,0.003366469051317176,1294.0,6.0,-7.9205217361450195
154.0,0.0033950341412797313,415.0,3.0,-1.2057711362838746
848.0,0.0036992550458270243,531.0,6.0,-4.990006666183472
733.0,0.0049769339003992155,715.0,3.0,-1.034504137635231
451.0,0.002960261331199398,564.0,6.0,-7.776005923748016
870.0,0.0003024830927562029,73.0,6.0,-7.276700100898743
408.0,0.003961732936585664,733.0,4.0,-1.5244180905818938
712.0,0.0019152439281707046,81.0,6.0,-6.596962962150574
424.0,0.002870412609572982,1121.0,3.0,-0.7510691851377487
386.0,0.00389390234728865,57.0,5.0,-5.214209289550781
941.0,0.002820368686137072,525.0,2.0,-0.8541698652505875
599.0,0.003910659213023125,549.0,7.0,-7.785600662231445
916.0,0.0006272122096152479,471.0,4.0,-2.8404505157470705
810.0,0.004679970178746457,767.0,7.0,-7.827338218688965
630.0,0.0003080672874822491,89.0,3.0,-5.794112162590027
361.0,0.0005806324248071921,1053.0,3.0,-0.8689277684688568
734.0,0.0010175237106530793,1229.0,5.0,-2.572723081111908
663.0,0.0011851730518178533,503.0,7.0,-4.64731716632843
616.0,0.0012903534488982516,1308.0,9.0,-8.052107238769532
761.0,0.0037889320351795304,1018.0,2.0,-0.6368406200408936
333.0,0.001223515259628672,566.0,4.0,-1.742930005788803
214.0,0.0037084516876703024,749.0,2.0,-0.6843285197019577
408.0,0.003618007756309815,1077.0,3.0,-0.7755090850591659
886.0,0.002831411083147467,1425.0,8.0,-8.066137313842773
219.0,0.002091201875178123,522.0,7.0,-7.869053363800049
612.0,0.002331942347377576,1150.0,7.0,-8.056877613067627
591.0,0.00016141504348661195,993.0,2.0,-2.0893208718299867
535.0,0.0039024227654974875,521.0,5.0,-2.6948049116134642
761.0,0.004187082064765472,1449.0,3.0,-7.849288463592529
286.0,0.001707413025503494,311.0,8.0,-4.778835616111755
697.0,0.004587940575853886,173.0,2.0,-1.3482821345329286
441.0,0.004562177414277771,36.0,2.0,-4.019864044189453
167.0,3.9522469052502356e-05,1168.0,3.0,-2.4594419026374816
475.0,0.0009673387344267472,474.0,1.0,-0.9988013088703156
624.0,0.003187387904436052,951.0,4.0,-8.058518409729004
513.0,0.004725714601706397,1327.0,6.0,-8.203167915344238
252.0,0.0005300518625461098,618.0,6.0,-3.8651982021331786
605.0,0.0002802760560372421,1169.0,2.0,-1.446376131772995
408.0,0.004921548331361244,300.0,3.0,-1.3596009194850922
310.0,0.002918278262879499,737.0,9.0,-8.054749806722006
215.0,0.003034414576599749,1101.0,6.0,-4.743358612060547
106.0,0.0013518393111545085,1248.0,2.0,-0.6105999273061752
516.0,0.003228229999180903,1071.0,7.0,-8.06627607345581
297.0,0.0032873990764326223,453.0,3.0,-1.14378103017807
213.0,0.00025462792510843224,1158.0,8.0,-4.106670475006103
124.0,0.0012513528772992693,259.0,5.0,-2.5729899406433105
908.0,0.0031162369053416936,1332.0,3.0,-7.881515979766846
702.0,0.00021330348007325993,63.0,9.0,-7.752606391906738
686.0,0.00460272343140817,933.0,4.0,-7.926613998413086
239.0,0.003228214246409703,144.0,5.0,-2.9660154938697816
817.0,0.004015197332967089,782.0,2.0,-0.6656607741117477
373.0,0.0006123155301115011,933.0,6.0,-3.090257987976074
748.0,0.004622795384132526,470.0,6.0,-8.055367729880594
295.0,0.0010237728172797877,1310.0,2.0,-0.5763360881805419
899.0,0.0032051838210157774,827.0,6.0,-8.055870056152344
116.0,0.0016859668794368845,322.0,3.0,-1.3325887751579284
590.0,0.001562698838123936,568.0,9.0,-8.04715347290039
99.0,0.0005214495866336476,236.0,6.0,-4.893322396278381
849.0,0.0023273773176787473,687.0,10.0,-8.051724281311035
61.0,0.0031398031156463823,279.0,7.0,-5.736023089464973
301.0,0.002253246645915729,1191.0,5.0,-1.1478121960163117
798.0,0.0046138233418969304,113.0,5.0,-4.442645711898804
700.0,0.0006066912962532796,1036.0,4.0,-1.5433668565750123
220.0,0.004450430281066967,37.0,9.0,-6.6239262247085575
577.0,0.0004536742744810526,665.0,1.0,-1.6158348953723907
295.0,0.00014199887778138187,1395.0,6.0,-3.0258700323104857
450.0,0.0009812907054087315,1478.0,6.0,-4.7796014881134035
925.0,0.003175444181268826,1473.0,2.0,-0.6229454326629639
413.0,0.0014379260003135593,1237.0,7.0,-8.052432928085327
879.0,0.00011556614513390202,1122.0,10.0,-7.120157513618469
175.0,0.00333111186258866,222.0,7.0,-3.6127478313446044
423.0,0.004056025543644534,65.0,5.0,-4.754936213493347
874.0,0.004310341065844917,723.0,3.0,-0.9178666967153549
775.0,0.0005479090255204464,1009.0,7.0,-7.3454521369934085
882.0,0.0007536734713150169,273.0,3.0,-3.157913990020752
259.0,0.0025127237149542023,409.0,3.0,-1.1875409758090973
741.0,0.004736058071898839,508.0,2.0,-0.738517826795578
696.0,0.003160548265257835,816.0,9.0,-8.007081985473633
528.0,0.0005330697271600608,413.0,1.0,-1.8547350943088532
769.0,0.003637427890408178,853.0,4.0,-1.1608169567584992
518.0,0.0005493951239458434,84.0,2.0,-4.450953931808471
109.0,0.0009921023529751182,1091.0,8.0,-8.052617850127044
731.0,0.0049147979431316425,605.0,5.0,-8.014848709106445
448.0,0.0006437796871747938,1476.0,3.0,-0.74130719602108
995.0,0.0020485359181212155,1429.0,5.0,-7.6777448654174805
129.0,0.0009479134513649657,450.0,6.0,-2.197559220790863
652.0,0.002715441734332253,1381.0,6.0,-7.955866813659668
212.0,0.0005645743279007385,140.0,1.0,-2.264168939590454
153.0,0.0015320499231216856,1306.0,6.0,-8.055944578988212
475.0,0.0037905837686637274,118.0,1.0,-1.2667744946479798
77.0,0.0027138629153942717,191.0,3.0,-1.8184973442554473
631.0,0.003516453140254274,397.0,4.0,-1.8231904196739197
437.0,0.004299815018425758,1176.0,4.0,-8.040794372558594
310.0,0.0030422436932140326,670.0,8.0,-8.055311838785807
588.0,0.004319782475854022,1301.0,1.0,-0.5297770291566849
232.0,0.0011210380447809162,926.0,7.0,-2.960475878715515
66.0,0.003229302864072348,966.0,4.0,-7.735411167144775
884.0,0.0016566222887331437,683.0,6.0,-5.628550124168396
881.0,0.0005337202327619025,428.0,3.0,-2.6393627667427064
511.0,0.001105172691898667,989.0,7.0,-5.048765430450439
564.0,0.00224918416068445,1327.0,5.0,-8.05695629119873
757.0,0.0018472548497988647,49.0,2.0,-4.4352693319320675
231.0,0.0028600382369324837,785.0,3.0,-0.9036709684133529
909.0,0.002553993868574655,968.0,4.0,-1.4882643258571624
967.0,0.0028282184781739735,179.0,10.0,-7.540004472732544
473.0,0.0010396592604375449,1207.0,8.0,-7.6092878977457685
386.0,0.0001759650820072473,1024.0,1.0,-1.8354434752464295
775.0,0.0002605811694048449,59.0,8.0,-7.767281789779663
319.0,0.002975008717825851,654.0,9.0,-8.032099723815918
997.0,0.0008771242953259443,242.0,9.0,-7.47995274066925
309.0,0.003955979069518614,1496.0,10.0,-8.110580444335938
151.0,0.004796169776167356,556.0,9.0,-8.062225341796875
740.0,0.0030328641699187624,51.0,5.0,-6.275324268341064
762.0,0.0017291294203834768,741.0,1.0,-0.6837022125720977
746.0,0.00421391407797528,204.0,8.0,-8.040511112213135
635.0,0.0016700327063138448,1113.0,7.0,-8.052031585148402
215.0,0.0005264547385395598,49.0,8.0,-7.252551522254944
757.0,0.0020275236420890267,242.0,4.0,-3.0150611495971678
701.0,0.0033201088725521005,103.0,10.0,-7.2807027530670165
934.0,7.510472508306856e-05,65.0,5.0,-8.006806039810181
188.0,0.004200572279590692,1202.0,3.0,-7.9490790367126465
937.0,0.003295813468879475,1383.0,9.0,-8.097752571105957
825.0,0.0016018773962996758,1137.0,3.0,-0.8010908639431
281.0,5.386727442068476e-05,752.0,3.0,-3.136721520423889
703.0,0.004425718058689108,595.0,4.0,-8.022789001464844
322.0,0.0034332734254208567,858.0,10.0,-8.061468124389648
868.0,0.004088446577122035,378.0,2.0,-0.8847324007749557
317.0,0.00014105385480456075,1488.0,4.0,-1.595131081342697
867.0,0.0017494218796113644,798.0,4.0,-1.7995960903167725
982.0,0.0010848124341955067,774.0,9.0,-7.22076982498169
664.0,0.004089741400089494,1137.0,8.0,-8.078755378723145
842.0,0.003342403775226143,673.0,8.0,-8.027597784996033
380.0,0.0047859335614679616,1405.0,7.0,-8.281442642211914
278.0,0.00025716408041639787,369.0,8.0,-6.485227570533753
645.0,0.0023406232862838963,1218.0,1.0,-0.5387704658508301
320.0,0.0016349659687884728,1241.0,7.0,-8.053446829319
664.0,0.0002141005573967476,443.0,1.0,-2.4375911951065063
493.0,0.004427101858819216,1284.0,3.0,-8.124174118041992
367.0,0.004085472654404013,295.0,7.0,-7.649397781917027
768.0,0.0012871574337437138,514.0,9.0,-7.428583135604859
320.0,0.002795567566870601,1201.0,8.0,-8.06352710723877
924.0,0.00013456107647571405,1180.0,8.0,-5.932818036079407
383.0,0.0003479290889332386,742.0,8.0,-5.602053956985474
646.0,0.001564309855613941,227.0,4.0,-3.169776816368103
586.0,0.0016346286602589657,1406.0,3.0,-0.7764211571216584
994.0,0.0048628867302352476,633.0,8.0,-8.061636924743652
57.0,0.0007107893536320748,1007.0,4.0,-1.0133462625741958
833.0,0.002770947177993435,514.0,4.0,-1.9976351654529572
244.0,0.0014946920509254487,1452.0,3.0,-0.7817396736145019
665.0,0.0024377048403524735,609.0,5.0,-2.127669380903244
858.0,0.0040062788599745675,1337.0,3.0,-1.2453061640262604
97.0,0.0005294775177480398,1272.0,2.0,-0.5673931217193604
728.0,0.0012858297027452318,551.0,3.0,-1.3601108300685882
589.0,3.6473649897796516e-05,781.0,9.0,-7.7747333097457885
505.0,0.001926390036515299,866.0,4.0,-1.2708290243148803
253.0,0.0037183353598699617,179.0,3.0,-1.8858938753604888
223.0,0.004687694181749087,1004.0,2.0,-0.7134663689136506
801.0,0.004642795108262767,197.0,5.0,-3.0389615201950075
710.0,0.003613536337138845,1361.0,9.0,-8.090430736541748
617.0,0.004108351619393496,559.0,3.0,-1.056265949010849
53.0,0.0038063879842301215,545.0,5.0,-7.609364032745361
924.0,0.003942810830694054,331.0,8.0,-8.05125458487149
975.0,0.0015343902440659452,43.0,9.0,-7.703448519706726
405.0,0.00415014728102228,511.0,8.0,-5.50183798789978
866.0,0.00265241216266518,1133.0,7.0,-8.060376167297363
542.0,0.003976739566348967,499.0,3.0,-1.06733607172966
311.0,0.0015353230138853075,878.0,5.0,-1.3295311939716339
676.0,0.001901254610259989,423.0,5.0,-2.8593249106407166
360.0,0.001271104167185504,811.0,3.0,-0.8419537407159805
636.0,0.001648969959837367,639.0,9.0,-6.841831130981445
881.0,0.002416077665412994,165.0,6.0,-5.311285696029663
457.0,0.0028931135422667997,1456.0,3.0,-7.94097261428833
179.0,0.004747656656946478,228.0,4.0,-1.6320988273620605
487.0,0.0004302433184220737,47.0,4.0,-6.598452906608582
251.0,0.0030257984066696625,459.0,2.0,-0.7355164813995362
92.0,0.002707832847441968,771.0,3.0,-0.8604426419734955
567.0,0.0038924574405364456,1349.0,3.0,-0.9451624846458435
589.0,0.0030029617975021877,1096.0,4.0,-7.954740524291992
456.0,0.0035392033759165335,578.0,6.0,-3.8387932538986207
122.0,0.0043497844363070415,316.0,3.0,-1.3595569479465484
853.0,0.0011142038664168899,1433.0,8.0,-8.051536039872603
581.0,0.0046904660557118855,1337.0,4.0,-8.126697540283203
990.0,0.0001585226200284402,811.0,9.0,-7.005400581359863
293.0,0.001292678362798175,1018.0,6.0,-1.695075843334198
472.0,0.0035098822574809335,133.0,6.0,-4.0910225677490235
743.0,0.003788996972904878,967.0,5.0,-3.6042916584014892
972.0,0.004578290478784727,305.0,2.0,-1.0269700968265534
388.0,0.00463679543823318,834.0,4.0,-1.3636390244960785
747.0,0.0014216698527256973,83.0,10.0,-7.615793571472168
777.0,0.0033167872897785495,226.0,6.0,-4.8562654733657835
974.0,0.002232202710859851,1489.0,7.0,-8.062052726745605
872.0,0.004253228365982879,657.0,2.0,-0.6855353939533234
247.0,3.9242166985374646e-05,1254.0,8.0,-6.281779017448425
219.0,0.0004550899024775764,243.0,8.0,-6.272217154502869
851.0,0.0015612854878525766,261.0,10.0,-7.493020753860474
526.0,0.0014207670136583198,633.0,10.0,-8.051444252332052
740.0,0.0018329803439765665,1422.0,2.0,-0.6039710652828216
988.0,0.004194423753086278,881.0,4.0,-2.146894847154617
341.0,0.0025994725442231616,867.0,7.0,-8.05537486076355
198.0,0.0004184081771110904,422.0,8.0,-5.222725839614868
576.0,0.001997139589962551,554.0,4.0,-1.7586486303806306
244.0,0.003906386008884831,140.0,5.0,-2.7235769271850585
453.0,0.0011432244079158283,414.0,6.0,-3.1972527074813843
674.0,0.0038229868897885658,1277.0,3.0,-7.973526477813721
323.0,0.003175096044615543,1205.0,7.0,-7.982480239868164
715.0,0.003923122358091031,885.0,8.0,-8.038468360900879
549.0,0.0008417725203533888,784.0,3.0,-1.047173295021057
409.0,0.0005208403219766335,770.0,4.0,-1.794260573387146
390.0,8.826470812298409e-05,1493.0,7.0,-4.740691766738892
346.0,0.0024682398149734916,793.0,5.0,-1.3369157814979553
831.0,0.0012042457224986315,958.0,9.0,-7.625736966133117
372.0,0.0017520783090643412,969.0,3.0,-0.8062248587608337
989.0,0.004852304860248183,772.0,3.0,-1.2988708233833313
584.0,0.0038837008619860476,1108.0,9.0,-8.082917213439941
549.0,0.0021410674038283162,803.0,8.0,-8.052908062934875
251.0,2.915292270989951e-05,147.0,3.0,-7.345984058380127
229.0,0.00428858462914368,183.0,1.0,-0.750355738401413
149.0,0.0006423681733424462,1312.0,8.0,-2.8615237355232237
464.0,0.003323071615557353,1325.0,5.0,-8.080863952636719
389.0,0.0022845893542626514,156.0,6.0,-4.535709228515625
602.0,0.001503021794282201,96.0,3.0,-4.239157466888428
299.0,0.00422601235968805,1253.0,8.0,-8.133247375488281
319.0,0.0044169139832149545,650.0,1.0,-0.5703964936733246
380.0,0.00433305082213147,696.0,10.0,-8.063058376312256
682.0,0.001242443134012084,101.0,6.0,-6.59132529258728
172.0,0.0026616506083436135,1402.0,6.0,-5.974493503570557
919.0,0.004479242257686151,170.0,9.0,-7.668330960273742
222.0,0.003767950812557199,1381.0,3.0,-7.383090496063232
998.0,0.0032681362757338694,1211.0,7.0,-8.081645011901855
682.0,0.0010568351713242331,436.0,9.0,-7.226645855903626
644.0,0.0007600883303367814,121.0,4.0,-5.450801992416382
688.0,0.0017594156210106134,877.0,8.0,-8.0499889087677
110.0,0.002563967337075874,1281.0,4.0,-7.958825508753459
861.0,0.004301322924974784,1442.0,5.0,-8.185476303100586
676.0,0.0022235697077742666,81.0,2.0,-3.0345468091964722
142.0,0.0015250175638148319,1206.0,6.0,-8.054017291349524
288.0,0.0038369020355706242,1146.0,9.0,-8.08056640625
695.0,0.0046078230581600155,1203.0,9.0,-8.085208892822266
880.0,0.0015038323225629593,279.0,4.0,-3.2459051322937014
912.0,0.0005684610001036218,81.0,3.0,-6.000088148117065
53.0,0.0038521208806265067,740.0,2.0,-0.8604367119073868
136.0,0.0014363050322177516,821.0,8.0,-8.048990154266358
989.0,0.0008422088121574767,1207.0,8.0,-8.047544903225369
249.0,0.002682299855027324,1161.0,8.0,-8.06121826171875
785.0,0.0003281083224125014,758.0,7.0,-5.276654119491577
198.0,0.0037444719075304454,136.0,7.0,-4.345090370178223
995.0,0.0025632898311286367,743.0,6.0,-8.041572570800781
640.0,0.00047371663122155224,447.0,4.0,-3.18222692489624
325.0,0.0028390032944396256,1202.0,6.0,-8.066352844238281
586.0,0.003014892693567983,1355.0,2.0,-0.6106287527084351
587.0,0.0035567631411924584,1453.0,4.0,-8.096475601196289
345.0,0.0011638660700549295,964.0,3.0,-0.7782269328832626
658.0,0.003213339290547857,1193.0,10.0,-8.059883637861772
699.0,0.0003351076326243165,583.0,5.0,-4.121628379821777
326.0,0.0032871124680179226,1020.0,3.0,-0.7525300896167755
449.0,0.001599106755733545,1147.0,7.0,-8.052764415740967
416.0,0.0029302070261595374,713.0,5.0,-7.892074108123779
495.0,0.0019581453192847663,252.0,8.0,-6.0919057512283326
251.0,0.00205818894652162,1321.0,3.0,-0.7905270475149154
401.0,0.004312665918415075,464.0,3.0,-1.0952509808540345
257.0,0.0011218375966236315,614.0,5.0,-1.9055238437652589
853.0,0.004145955305804841,1124.0,10.0,-8.092174530029297
840.0,0.0030796279425432055,555.0,9.0,-6.953493242263794
913.0,0.0017890677444430219,79.0,8.0,-6.964679112434387
401.0,0.00455538917663535,1395.0,5.0,-8.15616512298584
313.0,0.004628082625468466,276.0,7.0,-4.351455211639404
731.0,0.000160204013185588,854.0,10.0,-7.457531843185425
768.0,0.003867899460049044,652.0,9.0,-8.057250499725342
475.0,0.0010049256292921985,57.0,2.0,-4.399589982032776
909.0,0.0013909255175670351,583.0,7.0,-6.375985136032105
645.0,0.002441937136938416,611.0,3.0,-0.9569182914495468
228.0,0.0017343896707200503,1162.0,3.0,-0.8071318686008453
777.0,0.002504190739968925,570.0,8.0,-7.54497540473938
347.0,0.003916450496027436,1306.0,7.0,-8.115188598632812
185.0,4.7171916191790525e-05,650.0,6.0,-6.099879131317139
563.0,0.0023340958547615775,598.0,6.0,-3.989039921760559
876.0,0.002157341107226139,777.0,3.0,-0.9620631396770477
754.0,0.004671217410121117,1403.0,4.0,-8.173527717590332
780.0,0.004509003226749933,358.0,7.0,-8.050289154052734
420.0,0.0032275965518194206,695.0,5.0,-1.8558746588230133
722.0,0.003838252471148247,841.0,1.0,-0.5535608774423599
476.0,0.004903884294294153,623.0,2.0,-0.6994036322832108
614.0,0.001264110959477664,520.0,6.0,-3.215970311164856
741.0,0.0008616450710085131,1445.0,2.0,-0.6887059825658798
682.0,0.00062286584755034,809.0,7.0,-5.045716795921326
335.0,0.0017309250201467466,814.0,4.0,-1.2060619854927064
894.0,0.0019723729130293505,883.0,1.0,-0.6384296220541
