0.0,0.03829383,0.00018618119,0.0,0.0,0.15527785,0.06691977,0.0,0.0,0.0,0.024734218,0.0,0.0,0.019435514,0.010979708,0.087165356,0.0024744226,0.0,0.19496265,0.009556218,0.0,0.0,0.0,0.0,0.0,0.06645491,0.019332116,0.0,0.018137412,0.0,0.0,0.0,0.0021529451,0.0,0.0,0.0,0.0,0.0,0.0,0.0,0.0,0.0,0.0,0.0,0.0,0.0,0.12288303,0.0,0.0,0.0,0.0046959827,0.0,0.0013974882,0.00057048217,0.0,0.02246635,0.0,0.0,0.029056825,0.0,0.0,0.0,0.0,0.0,0.0,0.0,0.02466428,0.05053172,0.0021762429,0.0,0.0,0.0
0.13902071,0.0,0.0,0.0,0.0,0.0,0.0502676,0.0,0.0,0.0,0.0,0.0,0.08978578,0.05153306,0.0,0.0,0.0,0.0,0.0,0.0,0.0,0.0,0.051748406,0.0,0.0,0.0,0.0,0.0,0.0,0.0,0.0,0.14869249,0.0,0.0,0.0,0.0,0.005995469,0.0,0.0,0.0,0.0,0.0,0.0,0.0,0.0,0.0,0.0,0.0,0.0,0.0,0.0,0.0,0.0,0.0,0.0,0.0,0.056251917,0.0,0.0,0.0,0.0,0.0,0.0,0.0,0.0,0.0,0.0,0.0,0.070568725,0.0,0.0,0.0
0.0,0.019313764,0.0,0.54403496,0.0,0.0,0.0037457652,0.01730318,0.0,0.0,0.0,0.0,0.0,0.0,0.0,0.0,0.030514942,0.0,0.0,0.0,0.0,0.0,0.0,0.009967163,0.0,0.0,0.0,0.0,0.10880707,0.0,0.0,0.0,0.0,0.035517182,0.010325235,0.0,0.0,0.0,0.0,0.0,0.0,0.0,0.0,0.04755145,0.0,0.0,0.0,0.0,0.0,0.042750385,0.0,0.0,0.00928403,0.036284316,0.0,0.0,0.0,0.007929196,0.005949904,0.0,0.0,0.0,0.0,0.0,0.0,0.0,0.0,0.025491107,0.03298527,0.0,0.0,0.0
0.17994209,0.0,0.0,0.0,0.0,0.09011678,0.06388463,0.0,0.015852729,0.0,0.052806735,0.0,0.0022365768,0.0,0.0,0.0,0.09871407,0.02382439,0.0,0.0,0.032548025,0.009917232,0.07698609,0.015443994,0.0,0.0050985683,0.0,0.0,0.010898585,0.0,0.0,0.0,0.0,0.012964398,0.0,0.0,0.024186786,0.0077161575,0.0009296324,0.0,0.0,0.0,0.0,0.011655236,0.0,0.0,0.0,0.0,0.0,0.0,0.042559575,0.0,0.002142313,0.0,0.0,0.0,0.0,0.0,0.0,0.0,0.0,0.0,0.0,0.0,0.0,0.046163917,0.0,0.09786216,0.0,0.017093971,0.0,0.0
0.14228302,0.054556817,0.0,0.022295518,0.0,0.0,0.026418254,0.07043158,0.0,0.0,0.0,0.0,0.02012823,0.0,0.0,0.0,0.044145558,0.0,0.04433921,0.0,0.0,0.0055345646,0.0,0.0,0.0,0.05762621,0.0,0.0,0.073493265,0.0,0.0,0.0,0.0,0.0,0.0,0.0,0.0,0.011889451,0.0,0.03622858,0.0,0.0,0.0,0.09321316,0.0,0.0,0.0,0.026320187,0.0,0.005040554,0.0,0.0,0.0,0.0,0.019044412,0.0,0.01740936,0.044635095,0.024763819,0.0,0.0,0.0,0.0,0.0,0.0,0.0,0.0,0.08817569,0.0,0.0,0.0,0.0034242102
0.7812405,0.0,0.0,0.0,0.0,0.07129342,0.0,0.017608091,0.0,0.015124364,0.0,0.0,0.002203877,0.010441293,0.0,0.0,0.0021993213,0.0,0.0,0.0,0.0027648879,0.0,0.0,0.004233723,0.01701708,0.01142474,0.0,0.0,0.0,0.0,0.0,0.0,0.0,0.0,0.0,0.0,0.0,0.01325858,0.0,0.0,0.0,0.0,0.0,0.0,0.0,0.0,0.0,0.0,0.0,0.0,0.0,0.0,0.0,0.0,0.0,0.00070716476,0.0,0.0,0.006122021,0.0070361425,0.0,0.0,0.0,0.0,0.0,0.0,0.0,0.0,0.0,0.0,0.0,0.0
0.39833647,0.0,0.0,0.0,0.0,0.19955692,0.0,0.0,0.0,0.0,0.0,0.0,0.0,0.0,0.003888726,0.0,0.0003479344,0.0,0.20946509,0.013815651,0.0,0.0032337108,0.0,0.0,0.0,0.033495463,0.0,0.008845551,0.021955231,0.0,0.0,0.0,0.0,0.03614379,0.0,0.0,0.0,0.0,0.0027212664,0.0,0.0,0.0,0.0,0.0,0.0,0.0,0.0,0.0,0.0,0.0,0.0,0.0,0.005701878,0.0027695743,0.0,0.0,0.0,0.0,0.00017068678,0.0045319954,0.0,0.0,0.0,0.010037717,0.0,0.0,0.0,0.0,0.0,0.0,0.0,0.0
0.0,0.108495355,0.0,0.0,0.0,0.009997095,0.0,0.0,0.0,0.039470345,0.0,0.0,0.0,0.0,0.0,0.0,0.0,0.0,0.0,0.0,0.06707284,0.0,0.0,0.0,0.0,0.0,0.0,0.14222631,0.0,0.0,0.0,0.0,0.0,0.0,0.044391785,0.0,0.0,0.0,0.0,0.0,0.0,0.0,0.0,0.0,0.0,0.0,0.0,0.0,0.0,0.0,0.0,0.0,0.0,0.0,0.0,0.0,0.0,0.0,0.0,0.0,0.0,0.0,0.0,0.0,0.0,0.0,0.0,0.2925178,0.015288941,0.0,0.0,0.0
0.34512675,0.0,0.0,0.0,0.0,0.025572687,0.0,0.032250874,0.0,0.0,0.0,0.0,0.0,0.0,0.0,0.0,0.025769344,0.0,0.0,0.051505405,0.0,0.0,0.0,0.0,0.0,0.03970149,0.0,0.0,0.0,0.0,0.0,0.0,0.0,0.0,0.0,0.0,0.0,0.0,0.0,0.010362338,0.0,0.0,0.0,0.0,0.0,0.0,0.0,0.0,0.0,0.0,0.0,0.0,0.029047126,0.0,0.0011526186,0.0,0.0,0.0,0.0,0.0,0.0,0.0,0.0,0.0,0.0,0.010762233,0.0,0.20407279,0.0,0.0,0.0,0.0
0.8356356,0.0,0.0,0.0,0.0,0.06361341,0.0,0.0,0.0,0.0,0.0,0.0,0.003732927,0.0,0.0,0.0,0.0,0.0,0.0,0.0,0.0,0.0,0.0,0.0,0.023798037,0.017137157,0.0,0.001876746,0.0,0.0,0.0,0.0,0.0,0.0,0.0,0.0,0.0,0.0048068427,0.0,0.0,0.0,0.0,0.0,0.0,0.0,0.0,0.0,0.0,0.0,0.0013429866,0.0,0.0,0.0,0.006783997,0.0,0.0,0.0,0.0,0.00419512,0.0,0.003085547,0.0,0.0,0.0,0.0,0.0,0.0,0.0,0.0,0.0,0.0,0.0
0.0002410267,0.0,0.0,0.0,0.0,0.08264121,0.0,0.0,0.0,0.0,0.0,0.0,0.0,0.0,0.0,0.0,0.0054930807,0.0,0.048953343,0.017095553,0.002361505,0.00917212,0.0,0.02629349,0.011308318,0.0,0.0,0.0,0.0,0.0,0.0,0.0,0.0045396145,0.249149,0.0,0.015076555,0.0,4.0195126e-05,0.0,0.0,0.22632688,0.0,0.0,0.0,0.0,0.0,0.0,0.0,0.0,0.048279334,0.0,0.0,0.0,0.033633146,0.0,0.0,0.097055875,0.0012360867,0.025021335,0.0,0.0,0.0,0.0,0.004943612,0.0,0.0,0.0,0.012287414,0.0,0.0,0.0,0.0
0.22241852,0.0,0.0,0.0,0.0,0.0,0.0,0.0,0.0,0.0,0.0,0.0,0.0,0.0,0.0,0.06913122,0.0,0.0,0.0,0.0,0.0,0.0,0.0,0.0,0.0,0.0,0.0,0.0,0.0,0.0,0.0,0.0,0.0,0.0,0.0,0.0,0.0,0.0050368654,0.0,0.0,0.0,0.0,0.17818892,0.018036423,0.0,0.0,0.0,0.0,0.0,0.0,0.0,0.0,0.0,0.0,0.0,0.0,0.0,0.0,0.099327646,0.0,0.0,0.0,0.0,0.0,0.0,0.0,0.0,0.0,0.016127659,0.0,0.0,0.0
0.6807547,0.0,0.0,0.0,0.0,0.008398875,0.029494995,0.0,0.0,0.0024096018,0.0,0.0,0.0016447114,0.00021081702,0.0,0.0028848862,0.009287103,0.0,0.11605763,0.0057262615,0.0,0.005154593,0.0076785767,0.0,0.04114555,0.0,0.0,0.0,0.00850423,0.0,0.0,0.0,0.00039190927,0.0,0.0,0.0,0.0,0.01139972,0.0,0.0,0.0,0.0,0.0,0.0,0.0,0.0,0.0,0.0,0.0074719368,0.0,0.0,0.0,0.0023495269,0.0014112918,0.0017379571,0.0023545036,0.0,0.0,0.0,0.0013764272,0.0,0.0,0.0,0.002057213,0.0010044862,0.016589165,0.0,0.0,0.008649928,0.0,0.0,0.0
0.049571216,0.14234883,0.0,0.23166843,0.0,0.0,0.0,0.0,0.0,0.0,0.0,0.0,0.0,0.0,0.0068874527,0.0,0.017492935,0.0,0.0,0.003203189,0.0,0.0,0.0,0.0,0.0,0.0091631105,0.0,0.0,0.08539294,0.0,0.0,0.0,0.0,0.09551357,0.0638206,0.0,0.0,0.0009212789,0.0,0.0,0.0,0.0,0.0,0.0073828055,0.0,0.0,0.0,0.0,0.0,0.0,0.0,0.0,0.0,0.039556216,0.0,0.0,0.00010669952,0.09650381,0.03350248,0.0,0.0,0.01264093,0.0,0.0,0.005787436,0.0,0.0,0.0,0.052219685,0.0,0.0,0.0
0.0,0.0,0.0,0.0,0.0,0.0,0.0,0.0,0.0,0.0,0.0,0.0,0.0,0.0,0.0,0.0,0.0,0.0,0.0,0.0,0.0,0.0,0.0,0.0,0.0,0.0,0.0,0.0,0.0,0.0,0.0,0.0,0.0,0.0,0.0,0.0,0.0,0.0,0.0,0.0,0.7441651,0.0,0.0,0.0,0.0,0.0,0.0,0.0,0.0,0.032316487,0.0,0.0,0.0,0.024653275,0.0,0.0,0.09715569,0.0,0.0,0.0,0.0,0.0,0.0,0.06104805,0.0,0.0,0.0,0.0,0.0,0.0,0.0,0.0
0.15024218,0.0027978446,0.0,0.0,0.0,0.0,0.0,0.0,0.0,0.030865738,0.0,0.0,0.018807152,0.0,0.0,0.0,0.11048898,0.0,0.0,0.061782863,0.023268327,0.0,0.0,0.0,0.0,0.015602482,0.0,0.0,0.0,0.0,0.0,0.0,0.0036799244,0.052818507,0.021403888,0.0,0.02619588,0.027720183,0.0,0.0,0.044025626,0.0,0.0,0.0,0.0,0.0,0.0,0.022384986,0.0,0.0,0.035670377,0.0,0.0,0.008975772,0.04562274,0.0,0.0,0.0,0.0019265139,0.0,0.0,0.02370212,0.092006266,0.011356381,0.0,0.058698613,0.0,0.023969358,0.0,0.0,0.0,0.0
0.13090439,0.015769504,0.0,0.0,0.0,0.0,0.0,0.0,0.0,0.0,0.0,0.0,0.0,0.0,0.0,0.0,0.02594118,0.0,0.0,0.09163064,0.0,0.0,0.0,0.13094163,0.13049401,0.06206402,0.0,0.0,0.0,0.0,0.0,0.0,0.0,0.0,0.0,0.0,0.0,0.0,0.0,0.0,0.0,0.0,0.059366032,0.0,0.0,0.0,0.0,0.0,0.0,0.0,0.0,0.0,0.07263866,0.0,0.0,0.0,0.0,0.0,0.0,0.0,0.0,0.0,0.0,0.0,0.0,0.0,0.0,0.0,0.06781955,0.0,0.0,0.0
0.3490793,0.0,0.0,0.0,0.0,0.02533156,0.026930721,0.0,0.0,0.0,0.0,0.0,0.0,0.0,0.0,0.0,0.0,0.0,0.0,0.015865471,0.0,0.0,0.0,0.0,0.020428482,0.0,0.0,0.0,0.0,0.0,0.0,0.0,0.0,0.0,0.19242236,0.0,0.0,0.0,0.0,0.0,0.0,0.0,0.0,0.0,0.0,0.0,0.0,0.0,0.0,0.068574205,0.0,0.0,0.0,0.0,0.045873955,0.009769106,0.047279485,0.0,0.0,0.0,0.0598698,0.0,0.0,0.0,0.0,0.0,0.0,0.0,0.0,0.0,0.0,0.0
0.19210888,0.0,0.0,0.0,0.0,0.24685632,0.0,0.007029713,0.0,0.0,0.0,0.0,0.0,0.04325559,0.0,0.0,0.016527612,0.0,0.0,0.0,0.0,0.0,0.0,0.0,0.0,0.0,0.006369098,0.17271245,0.0,0.0,0.0,0.0,0.0,0.0,0.0,0.0,0.0,0.047121227,0.0,0.0,0.0,0.0,0.0,0.0,0.0,0.0,0.0,0.0,0.0,0.0,0.0,0.0,0.0,0.0,0.0,0.0,0.023168435,0.0,0.0,0.00096529175,0.0,0.0,0.0,0.0,0.0,0.0,0.0,0.038969398,0.0,0.0,0.0,0.0
0.008159523,0.11500623,0.0,0.4612174,0.0,0.0,0.028944198,0.0,0.0,0.0,0.0,0.0,0.0,0.0022441524,0.0,0.0,0.11155346,0.0,0.0,0.0,0.0050866776,0.0,0.0,0.031786077,0.0,0.0,0.0,0.0,0.012571338,0.0,0.0,0.0,0.0,0.0,0.0,0.0,0.002153135,0.0,0.0,0.0,0.0,0.0,0.0,0.008156463,0.0,0.0,0.0,0.0,0.0,0.052286435,0.0,0.0,0.002237047,0.04058282,0.0,0.0,0.0,0.0,0.018023413,0.0,0.0,0.0,0.0,0.0,0.0,0.0,0.0,0.0,0.063008696,0.0,0.0,0.0
0.05712283,0.09595089,0.0,0.0,0.0,0.0,0.08576904,0.0,0.0,0.0,0.0,0.0,0.0,0.0,0.0,0.0,0.0,0.0,0.04500034,0.0,0.0,0.0,0.0,0.0,0.0,0.0,0.0,0.0,0.0,0.0,0.0,0.0,0.0,0.3114779,0.0,0.0,0.0,0.0,0.0,0.0,0.0,0.0,0.0,0.0,0.0,0.0,0.0,0.04687769,0.0,0.0,0.0,0.0,0.0,0.0,0.0747401,0.0,0.040444754,0.0,0.0,0.0,0.0,0.0,0.0,0.0,0.0,0.0,0.0,0.0,0.0,0.0,0.0,0.0
0.0,0.04714346,0.0,0.0,0.0,0.4118589,0.07820024,0.0,0.0,0.0,0.0,0.0,0.012283085,0.014655757,0.0,0.00040925818,0.015553862,0.0,0.0,0.010974155,0.022238215,0.044565555,0.0,0.0,0.0,0.0,0.0,0.018685412,0.0,0.0,0.0,0.0,0.0,0.057383735,0.0,0.0,0.0,0.0,0.0,0.0,0.0,0.0,0.016474128,0.0,0.0,0.0,0.0,0.0,0.0,0.0,0.0,0.0,0.0,0.0,0.0,0.0028818583,0.0,0.0,0.0,0.0,0.0,0.0,0.0,0.0,0.019216932,0.0,0.0,0.07742935,0.0,0.0,0.0,0.0
0.21914043,0.0,0.0,0.0,0.0,0.23223001,0.0,0.0,0.0,0.13263948,0.0,0.0,0.0,0.11470981,0.0,0.0,0.0,0.0,0.0,0.0,0.0,0.0,0.0,0.0,0.0,0.0734458,0.0,0.0,0.00214315,0.0,0.0,0.0,0.0,0.0,0.0,0.0,0.0,0.0,0.0,0.0,0.0,0.0,0.0,0.0,0.0,0.0,0.0,0.0,0.0,0.0,0.0,0.0,0.0,0.0,0.0,0.0,0.0,0.0,0.0,0.0,0.0,0.0,0.0,0.0,0.0,0.0,0.025203148,0.0,0.0,0.0,0.0,0.0
0.018024676,0.1210139,0.0,0.0,0.0,0.0,0.02147711,0.03525942,0.0,0.0,0.0,0.0,0.035326686,0.0,0.0,0.0,0.020573739,0.0,0.0,0.025682831,0.0,0.0,0.0,0.0,0.0,0.0,0.026694894,0.06475732,0.09472669,0.0,0.0,0.0,0.0,0.0,0.0,0.0,0.0,0.0,0.0,0.0,0.0,0.0,0.0,0.0,0.0,0.0,0.0,0.10372667,0.0,0.0,0.0,0.0,0.0,0.0,0.0,0.0,0.0,0.0,0.0,0.0,0.0,0.0,0.0,0.0,0.0,0.0,0.0,0.0,0.16930826,0.0,0.0,0.0
0.027879313,0.048500184,0.0,0.0,0.0,0.5148297,0.0,0.0,0.0,0.0,0.0,0.0,0.0,0.0,0.0,0.0,0.077245995,0.0,0.0,0.027654577,0.0,0.0,0.0,0.0010302698,0.0,0.034513794,0.006568707,0.0,0.0,0.0,0.0,0.0,0.0,0.0,0.0,0.0,0.0,0.0,0.01619457,0.0,0.0,0.0,0.0,0.0,0.0,0.0,0.0,0.0,0.0,0.0,0.0,0.0,0.0,0.0,0.0,0.01102089,0.0,0.03458556,0.0,0.0,0.0,0.0,0.0,0.0,0.0,0.0,0.0,0.008333315,0.0,0.0,0.0,0.0
0.06192718,0.051697686,0.0,0.0,0.0,0.0,0.0056406003,0.08208108,0.0,0.0,0.0,0.0,0.02054964,0.018090568,0.009399464,0.0,0.2718383,0.0,0.0,0.0005010883,0.0,0.0,0.0,0.0,0.0,0.0033455058,0.0,0.0,0.0,0.0,0.0,0.0,0.0,0.0,0.0,0.0,0.0,0.0,0.0,0.0,0.15180947,0.0,0.0,0.0,0.0,0.0,0.0,0.0,0.0,0.05658574,0.0,0.0,0.0,0.01437963,0.0,0.0,0.0,0.0,0.0,0.0,0.0,0.02434529,0.063622415,0.035884827,0.0,0.0061512357,0.0,0.017717022,0.0,0.0,0.0,0.0
0.17702061,0.038950525,0.0,0.0,0.0,0.0,0.0,0.0039427136,0.0,0.0025386948,0.0,0.0,0.0,0.0,0.022900226,0.0,0.13426389,0.0,0.0,0.07597555,0.0,0.0,0.0,0.02311518,0.0,0.02069738,0.0,0.0,0.025455557,0.0,0.0,0.009727727,0.0,0.0,0.0,0.02778497,0.0,0.0,0.0,0.0,0.0,0.0,0.0,0.08964626,0.0,0.0,0.0,0.02348864,0.0,0.0,0.0,0.0,0.0,0.0,0.015659511,0.0,0.011426375,0.07441223,0.0,0.0,0.0,0.0,0.0,0.018566422,0.02189693,0.018788595,0.0,0.022042267,0.0,0.0,0.0,0.0
0.32783473,0.0,0.0,0.0,0.0,0.0,0.0,0.054251418,0.0,0.03161633,0.0,0.0,0.0,0.011748393,0.0,0.0,0.015741387,0.08920111,0.0,0.0,0.0,0.0,0.0,0.0,0.0,0.0,0.0,0.0,0.0,0.0,0.0,0.0,0.0,0.0,0.0,0.0,0.0,0.0,0.0,0.012154455,0.0,0.0,0.0,0.0,0.0,0.0,0.0,0.0,0.0,0.0,0.014113147,0.0,0.0204344,0.034921076,0.07618395,0.0,0.0,0.001232024,0.063363,0.0,0.0,0.0,0.0,0.010797935,0.0,0.02614524,0.0,0.04769562,0.0,0.0,0.0,0.0
0.1098797,0.06794521,0.0,0.0,0.0,0.0,0.0,0.09654957,0.0,0.0,0.0,0.0,0.026517034,0.00063567964,0.0,0.0,0.14223742,0.0,0.0,0.11837368,0.017453024,0.0,0.0,0.0,0.0,0.0,0.0,0.0,0.0,0.0,0.0,0.034783896,0.0,0.0,0.0,0.0,0.0,0.02425834,0.0,0.0,0.0,0.0,0.0,0.0,0.0,0.0,0.0,0.0,0.0,0.0,0.0,0.0,0.0,0.0,0.0,0.0,0.0,0.0,0.07171256,0.0,0.022380924,0.0,0.0,0.033860024,0.0,0.0,0.0,0.0,0.0,0.0,0.0,0.0
0.15622444,0.041399628,0.0,0.0,0.0,0.0,0.0,0.0,0.0,0.0,0.0,0.0,0.0,0.037782434,0.0,0.0,0.0,0.0,0.04785004,0.0043796394,0.0,0.019814689,0.0,0.0,0.0,0.0,0.012995171,0.054413043,0.0,0.0,0.0,0.0,0.0,0.0,0.0,0.0,0.0,0.0,0.0,0.053746756,0.0,0.0,0.0,0.0,0.0,0.0,0.0,0.0,0.0,0.0,0.0024335852,0.0,0.018186755,0.04341275,0.0,0.0,0.0,0.0,0.078297734,0.0,0.0,0.027639652,0.0,0.013518434,0.0,0.0,0.0,0.13742264,0.070036076,0.0,0.0,0.0
0.041786708,0.16852997,0.0,0.0,0.0,0.0,0.0,0.0,0.0,0.0,0.0,0.0,0.0029027748,0.0,0.0,0.0,0.0,0.09930072,0.19857568,0.005714337,0.0,0.0,0.0,0.0,0.0,0.024271285,0.0,0.0,0.0,0.0,0.0,0.0,0.0,0.0,0.0,0.0,0.0,0.0,0.0,0.0,0.018110832,0.0,0.034012545,0.019123992,0.0,0.0,0.0,0.0,0.0,0.0,0.0,0.0,0.03130003,0.04965955,0.0,0.0,0.0,0.0,0.0,0.0,0.0,0.0,0.0,0.065693095,0.027384827,0.0,0.0,0.0,0.056232497,0.0,0.0,0.0
0.4008438,0.0,0.0,0.0,0.0,0.0,0.0,0.0,0.0,0.0,0.0,0.0,0.05620503,0.0,0.0,0.009189289,0.0,0.0,0.0,0.0,0.0,0.0,0.0,0.0,0.0,0.0,0.0,0.0,0.04435425,0.0,0.0,0.0,0.0358082,0.0,0.0,0.0420774,0.0,0.0,0.0,0.0,0.0,0.0,0.0,0.0,0.0,0.0,0.0,0.0,0.0,0.0,0.0,0.0,0.0,0.039430607,0.0,0.0,0.08174446,0.0,0.01721973,0.0,0.0,0.0,0.0,0.0,0.0,0.0,0.0,0.0,0.0,0.0,0.0,0.0
0.04719612,0.0,0.0,0.0,0.0,0.0,0.046691284,0.0,0.0,0.012452959,0.0,0.0,0.0,0.0,0.0,0.0,0.09981033,0.0,0.0,0.0,0.0,0.0,0.024359623,0.03322963,0.0,0.0,0.0,0.0,0.064511515,0.0,0.0,0.0,0.026007809,0.0,0.14750203,0.0,0.0,0.020043947,0.0,0.0,0.0,0.0,0.0,0.06537388,0.0,0.0,0.0,0.0,0.0,0.028787265,0.0,0.0,0.0,0.0,0.0,0.0,0.0,0.0,0.07541622,0.0,0.0,0.0,0.0,0.0,0.01916402,0.039827183,0.0,0.0,0.05116966,0.0,0.0,0.0
0.12139736,0.0,0.0,0.0,0.0,0.0,0.108509466,0.0,0.010865311,0.0,0.0,0.0,0.019492649,0.018971248,0.0,0.0,0.092564374,0.0,0.0,0.0070213275,0.0133350035,0.0,0.0,0.0,0.0,0.013171816,0.0,0.0,0.026144767,0.0,0.0,0.0,0.0,0.0,0.0,0.0,0.0,0.0,0.018769685,0.062251296,0.0,0.0,0.0,0.0,0.0,0.0,0.066828,0.0,0.0,0.0,0.06473364,0.0,0.0,0.0038237101,0.0,0.0,0.0,0.053798042,0.019791873,0.0,0.0,0.0,0.0,0.0,0.0,0.04320947,0.0,0.14246379,0.0,0.0,0.0,0.015599296
0.0,0.0015434168,0.0,0.0,0.0,0.20672022,0.33934417,0.0,0.0,0.0,0.0,0.0,0.0,0.03723444,0.0,0.0,0.0,0.0,0.0,0.04622942,0.0,0.0,0.0,0.0,0.0,0.0,0.0,0.0,0.0,0.0,0.0,0.0,0.035585716,0.0,0.0,0.0,0.0,0.0,0.0,0.0,0.0,0.0,0.0,0.0,0.0,0.0,0.0,0.0,0.0,0.0,0.0,0.0,0.0,0.0,0.006279117,0.0,0.0,0.0,0.0214341,0.0,0.0,0.0,0.0,0.0,0.0598161,0.0042449674,0.0,0.0,0.0,0.0,0.0,0.0
0.031874564,0.20849891,0.0,0.030619241,0.0,0.0,0.0,0.08175428,0.0,0.0,0.0,0.0,0.023158342,0.0,0.0,0.0,0.052478347,0.0,0.0,0.0065682824,0.0,0.0,0.063942224,0.0,0.0,0.0,0.0,0.0,0.0,0.0,0.0,0.0,0.0,0.0,0.0,0.09762049,0.0,0.1601241,0.01339981,0.0,0.0,0.0,0.0,0.0,0.0,0.0,0.0,0.0,0.0,0.0,0.0,0.0,0.03657612,0.0,0.0,0.0,0.0,0.0,0.0,0.0,0.0,0.0,0.0,0.0,0.0,0.0,0.0,0.0,0.0,0.0,0.0,0.0
0.10154203,0.0,0.0,0.0,0.0,0.0,0.18363644,0.0,0.0,0.017484697,0.0,0.0,0.0,0.014461876,0.0,0.0,0.10488677,0.05305731,0.1253742,0.0042603426,0.0292536,0.0,0.0,0.0,0.0,0.0,0.0,0.0,0.0,0.0,0.0,0.0,0.0,0.0,0.0,0.0,0.0,0.032186043,0.0,0.04233515,0.0,0.0,0.005105981,0.044236958,0.0,0.0,0.0,0.0,0.0,0.0,0.0,0.0,0.0,0.0,0.0,0.0,0.0,0.0,0.019562576,0.0,0.0,0.0,0.0,0.075339295,0.0,0.0,0.0,0.021751855,0.0,0.0,0.0,0.0
0.22494487,0.0,0.0,0.0,0.0,0.0,0.0,0.12184226,0.0,0.0,0.0,0.0,0.0,0.0,0.0,0.0,0.023645585,0.0,0.0,0.037227076,0.10433593,0.03871616,0.0,0.0,0.034271494,0.0,0.0,0.0,0.0,0.0,0.0,0.0,0.0,0.0,0.0,0.0,0.0,0.0,0.0,0.0,0.0,0.0,0.0,0.0,0.0,0.0,0.0,0.0,0.0,0.0,0.0,0.0,0.0,0.0,0.10730719,0.0,0.0,0.0,0.063230716,0.0,0.0,0.0,0.0,0.0,0.0,0.0,0.0,0.0021571866,0.0,0.0,0.0,0.0
0.16440444,0.0,0.0,0.0,0.0,0.1636256,0.099144176,0.09301279,0.0,0.0,0.0,0.0,0.0,0.0,0.0,0.0,0.110914,0.0,0.060948532,0.0,0.0,0.0,0.0,0.07249529,0.008966355,0.0,0.0,0.0,0.0,0.0,0.0,0.000420574,0.018741138,0.0,0.0,0.0,0.0,0.014280135,0.0,0.0,0.0,0.0,0.0,0.0,0.0,0.0,0.0,0.0,0.0,0.0,0.0,0.0,0.0,0.0,0.0,0.0,0.0,0.0,0.0,0.0,0.0,0.0,0.0,0.0,0.0,0.0,0.0,0.010034469,0.0,0.0,0.0,0.018996172
0.04484978,0.011905716,0.0,0.0,0.0,0.0,0.0447258,0.0,0.0,0.0,0.0,0.0,0.0,0.009859206,0.0,0.0,0.177406,0.0,0.056200635,0.0,0.0,0.0,0.0,0.0,0.06380647,0.0,0.0,0.0,0.0,0.0,0.0,0.0,0.0,0.0,0.0,0.0,0.0,0.0,0.0,0.0,0.20099807,0.0,0.0,0.0,0.0,0.0,0.0,0.0,0.0,0.0,0.0,0.0,0.0,0.0,0.0,0.0,0.0,0.08189299,0.0,0.0,0.0,0.0,0.0,0.0,0.0,0.0,0.0,0.058449917,0.0,0.0,0.0,0.0
0.019327894,0.0,0.0,0.0,0.0,0.03702809,0.0,0.051843613,0.0,0.038728435,0.0,0.0,0.0,0.0,0.06923965,0.0,0.069429755,0.03378229,0.0,0.03083562,0.026317809,0.0,0.0,0.0,0.0,0.0,0.0,0.0,0.0,0.0,0.0,0.0,0.0,0.0,0.0,0.0,0.0,0.0,0.0,0.13474077,0.0,0.0,0.04293884,0.0,0.0,0.0,0.0,0.0,0.0,0.036359675,0.0,0.0,0.0,0.0,0.003584299,0.0,0.0,0.0,0.0,0.0060038697,0.0,0.0,0.0,0.0,0.0,0.0,0.0,0.0,0.23560192,0.0,0.0,0.019293262
0.0,0.0,0.0,0.0,0.0,0.0,0.0,0.0,0.0,0.0,0.0,0.0,0.0,0.14940248,0.07028751,0.0,0.033886123,0.0,0.0,0.0,0.0,0.0,0.0,0.11333693,0.0,0.0,0.0,0.0,0.0,0.0,0.0,0.0,0.0,0.0,0.0,0.0,0.1989789,0.0,0.0,0.0,0.0,0.0,0.0,0.0,0.0,0.0,0.0,0.0,0.0,0.0061232834,0.0,0.0,0.0,0.0,0.0,0.0,0.0,0.0,0.0,0.0,0.0,0.0,0.0,0.0,0.0,0.0,0.0,0.0,0.13478903,0.0,0.0,0.0
0.0,0.0,0.0,0.0,0.0,0.0,0.2605895,0.0,0.0,0.051690347,0.0,0.0,0.0,0.025219599,0.0,0.0,0.19771673,0.0,0.0,0.0,0.0,0.0,0.0,0.0,0.0,0.0,0.0,0.0,0.0,0.0,0.0,0.0,0.0,0.0,0.0,0.0,0.0,0.038736165,0.0,0.0,0.0,0.0,0.0,0.0,0.0,0.0,0.0,0.0,0.0,0.0,0.0,0.0,0.0,0.0,0.0,0.0,0.0,0.0,0.0,0.0,0.0,0.0,0.0,0.08738476,0.0,0.0,0.0,0.0,0.043617286,0.0,0.0,0.0
0.25021526,0.0,0.0,0.0,0.0,0.0,0.0,0.0,0.0,0.0,0.0,0.0,0.0,0.0,0.0,0.0,0.0,0.0,0.0,0.0,0.0,0.0,0.0,0.0,0.0,0.0,0.0,0.0,0.0,0.0,0.0,0.0,0.0,0.0,0.0,0.0,0.0,0.0,0.0,0.0,0.0,0.0,0.0,0.0,0.0,0.0,0.0,0.0,0.0,0.0,0.0,0.0,0.0,0.16787852,0.0,0.0,0.0,0.0,0.0,0.0,0.0,0.0,0.0,0.0,0.0,0.0,0.0,0.0,0.072498605,0.0,0.0,0.0
0.21414457,0.0,0.0,0.0,0.0,0.0,0.07844985,0.0,0.0,0.0,0.0,0.0,0.0,0.0,0.0,0.0,0.0,0.0,0.0,0.0,0.0,0.0,0.0,0.0,0.0,0.05608872,0.0068371613,0.0,0.0,0.0,0.0,0.0,0.0,0.0,0.0,0.0,0.0,0.0212394,0.0,0.0,0.0,0.0,0.0,0.0,0.0,0.0,0.0,0.0,0.0,0.0,0.0,0.0,0.0,0.0,0.0,0.0,0.0,0.0,0.0,0.0,0.0,0.0,0.0,0.23771207,0.0,0.0,0.0,0.0,0.0,0.0,0.0,0.0
0.31060833,0.0,0.0,0.0,0.0,0.0,0.0,0.0,0.0,0.0,0.0,0.0,0.025395785,0.0,0.0,0.06499834,0.034208573,0.0,0.0,0.046367187,0.0,0.0,0.0,0.20637964,0.0,0.0,0.0,0.0,0.057604976,0.0,0.0,0.0,0.0,0.0,0.0,0.0,0.0,0.0,0.0,0.0,0.0,0.0,0.0,0.0,0.0,0.0,0.0,0.0,0.0,0.0,0.0,0.0,0.0,0.025471997,0.0,0.0013872262,0.0,0.0,0.0,0.002121488,0.0,0.0,0.0,0.0,0.0,0.0,0.0,0.0,0.0,0.0,0.0,0.0
0.23225337,0.07930061,0.0,0.0021400438,0.0,0.029062867,0.0,0.0,0.0,0.0,0.0,0.0,0.0,0.0,0.028243138,0.0,0.15430394,0.0,0.0,0.036082443,0.0,0.0,0.0,0.0,0.0,0.005013523,0.0046866755,0.0,0.0,0.0,0.0,0.0,0.0,0.09741725,0.0,0.0,0.0,0.0,0.0,0.0,0.007466965,0.0,0.0,0.0,0.0,0.0,0.063265525,0.0,0.0,0.062470943,0.0,0.0,0.0,0.0,0.0,0.0,0.0,0.0,0.0,0.0,0.0,0.0,0.0,0.015531248,0.0,0.0,0.0,0.04686436,0.0,0.0,0.0,0.0
0.0,0.04834231,0.0,0.0,0.0,0.0,0.0,0.0,0.0,0.0,0.0,0.0,0.0,0.09541373,0.0,0.0,0.042261947,0.0,0.0,0.16614155,0.07036016,0.0,0.0,0.0,0.0,0.057386737,0.0,0.0,0.1506395,0.0,0.0,0.0,0.0,0.0,0.0,0.0,0.0,0.0,0.0,0.0,0.0,0.0,0.0,0.0,0.0,0.0,0.0,0.0,0.0,0.0,0.0,0.0,0.0,0.0,0.0,0.0,0.080802,0.0,0.0,0.0016602692,0.0,0.0,0.0,0.0,0.0,0.0,0.0,0.0,0.0,0.0,0.0,0.0
0.36549878,0.03430653,0.0,0.0,0.0,0.0,0.0,0.0,0.0,0.0,0.0,0.0,0.0,0.03634689,0.0,0.0,0.033898667,0.0,0.0,0.0,0.0,0.0,0.0,0.0,0.0,0.015167277,0.0,0.0,0.0,0.0,0.0,0.0,0.0,0.0,0.0,0.15947616,0.0,0.0,0.0,0.0,0.0,0.0,0.0,0.0,0.0,0.0,0.0,0.0,0.0,0.0,0.0,0.0,0.053088203,0.027212324,0.0,0.02939993,0.0,0.0,0.0,0.0,0.0,0.0,0.0,0.0,0.0,0.0,0.0,0.02305035,0.0,0.0,0.0,0.0
0.29996353,0.0,0.0,0.0,0.0,0.0,0.0,0.20072018,0.06550434,0.0,0.0,0.0,0.0,0.0,0.0,0.0,0.0,0.0,0.0,0.0,0.0,0.0,0.0,0.09751274,0.0,0.0,0.0,0.0,0.0,0.0,0.0,0.0,0.0,0.0,0.0,0.0,0.0,0.0,0.0,0.0,0.0,0.0,0.0,0.0,0.0,0.0,0.0,0.0,0.0,0.0,0.0,0.0,0.0,0.0,0.059905466,0.0,0.04725548,0.0,0.0,0.0,0.0,0.0,0.0,0.0,0.0,0.0,0.0,0.0,0.0,0.0,0.0,0.0
0.015852652,0.0,0.0,0.0,0.0,0.17505002,0.0,0.0,0.0,0.0,0.0,0.0,0.0090284785,0.0,0.0,0.0,0.022025328,0.10919356,0.0,0.12223006,0.019980008,0.0,0.0,0.01899707,0.0,0.0,0.0,0.0,0.0,0.0,0.0,0.0,0.0,0.0,0.044410743,0.0,0.0,0.0,0.0,0.0,0.0,0.0,0.0,0.0,0.0,0.0,0.0,0.0,0.0,0.0,0.0,0.0,0.0,0.037495207,0.0,0.0,0.0,0.09198376,0.0,0.0,0.0,0.032433774,0.0,0.008925459,0.0,0.08240325,0.0,0.0,0.0,0.0,0.0,0.0
0.0019607816,0.035124276,0.0,0.0,0.0,0.10322259,0.0,0.0,0.0,0.0,0.0,0.0,0.0,0.04861318,0.0,0.0,0.0,0.0,0.0,0.0,0.03800903,0.0,0.0,0.0,0.058972828,0.0,0.044654295,0.0,0.02164391,0.0,0.0,0.0,0.0,0.0,0.01679113,0.0,0.0,0.0,0.0,0.0,0.0,0.0,0.0,0.0,0.0,0.0,0.0,0.0,0.0,0.0,0.11530469,0.0,0.0,0.0,0.0,0.0,0.0,0.0,0.0,0.007841448,0.0,0.0,0.0,0.0,0.0,0.0,0.0,0.09612261,0.067204386,0.0170546,0.0,0.0
0.052710075,0.0,0.0,0.0,0.0,0.0,0.0,0.10373485,0.0,0.0,0.0,0.0,0.0,0.017700331,0.0,0.0,0.062186405,0.0,0.0,0.20716092,0.0,0.0,0.0,0.0,0.040101033,0.088799246,0.02916371,0.0,0.0,0.0,0.0,0.0,0.0,0.0,0.0,0.0,0.0,0.0,0.0,0.0,0.0,0.0,0.0,0.0,0.0,0.0,0.0,0.0,0.0,0.0,0.0,0.0,0.02803269,0.0,0.0,0.0,0.0,0.0,0.15363532,0.0,0.0,0.0,0.0,0.0,0.0,0.0,0.0,0.0,0.0032603764,0.0,0.0,0.0
0.15564355,0.0,0.0,0.0,0.0,0.047982935,0.067221045,0.0018258772,0.0,0.03305478,0.0,0.0,0.0,0.0,0.0,0.0,0.05537561,0.0,0.07293198,0.0,0.0,0.0,0.0,0.0,0.2057257,0.0,0.0017337532,0.0,0.16601744,0.0,0.0,0.0,0.0,0.0,0.0,0.0,0.0,0.0,0.0,0.0,0.0,0.0,0.0,0.0,0.0,0.0,0.0,0.0,0.0,0.0,0.0,0.026045803,0.0,0.0,0.0,0.0,0.0,0.0,0.0,0.0,0.0,0.0,0.0,0.016899992,0.0,0.0,0.0,0.0,0.0,0.0,0.0,0.0
0.14220633,0.033413667,0.0,0.0,0.0,0.18787855,0.08002852,0.07405615,0.0,0.0,0.0,0.0,0.011197177,0.07085271,0.0,0.0,0.061668243,0.0,0.0,0.07407188,0.0,0.0,0.0,0.05618569,0.0,0.0064946027,0.0,0.0,0.0,0.0,0.0,0.0,0.0,0.0,0.0,0.0,0.0,0.0,0.0,0.0,0.0,0.0,0.0,0.0,0.0,0.0,0.0,0.014806187,0.0,0.0,0.0,0.0,0.0,0.0,0.0,0.0,0.0038757503,0.0,0.04069128,0.0,0.0,0.0,0.0,0.0,0.0,0.0,0.0,0.0,0.0,0.0,0.0,0.0
0.010436694,0.02309804,0.0,0.0,0.0,0.046198886,0.0009852882,0.0,0.0,0.0,0.0,0.0,0.0,0.01983849,0.0,0.005621144,0.17585137,0.10296414,0.05984616,0.013915522,0.022293136,0.0,0.0,0.0,0.0,0.0088919,0.0,0.0,0.0,0.0,0.0,0.0,0.0,0.0,0.0,0.0,0.03494184,0.002271306,0.0,0.03191701,0.0,0.0,0.0,0.0,0.0,0.0,0.11552815,0.0,0.0,0.0,0.011904559,0.0,0.0,0.0,0.078801006,0.0,0.017035969,0.0,0.0,0.0,0.0,0.0,0.0,0.0,0.0038360846,0.003063886,0.0,0.14295533,0.0,0.0,0.0,0.0
0.11706612,0.0,0.0,0.0,0.0,0.0,0.098533735,0.027717963,0.0,0.0,0.0,0.0,0.13692082,0.0048820917,0.0,0.0,0.07588354,0.0,0.0,0.0,0.0,0.0,0.04071924,0.0,0.0,0.03284709,0.0,0.0,0.0,0.0,0.0,0.0061199595,0.0,0.0,0.0,0.0,0.0,0.0,0.0,0.0,0.0,0.0,0.0,0.0,0.0,0.0,0.0,0.0,0.0,0.0,0.0,0.0,0.06077103,0.0,0.0,0.0,0.0122728,0.0,0.0,0.0,0.0,0.0,0.0,0.0,0.0,0.0,0.0,0.09198173,0.0,0.0,0.0,0.0
0.23054674,0.0,0.0,0.0,0.0,0.0,0.0014901456,0.0,0.0,0.0,0.0,0.0,0.049060524,0.08023354,0.0,0.0,0.18239954,0.0,0.0,0.0,0.03449523,0.0,0.03082863,0.14515771,0.0,0.0,0.0,0.0,0.0,0.0,0.0,0.0,0.0,0.0,0.0,0.0,0.0,0.0,0.0,0.0,0.0,0.0,0.0,0.0,0.0,0.0,0.0,0.0,0.0,0.0,0.0,0.0,0.0,0.0,0.0,0.0,0.0,0.0,0.0,0.0,0.0,0.0,0.0,0.0319305,0.0,0.0,0.0,0.034206264,0.0,0.0,0.0,0.0
0.0,0.0,0.0,0.0,0.0,0.237738,0.031312216,0.088040665,0.0,0.0,0.0,0.0,0.010285908,0.06561012,0.0,0.0,0.027064173,0.0,0.0,0.0,0.0,0.0,0.0,9.2442984e-05,0.0,0.0,0.0,0.0082419235,0.0,0.0,0.0,0.0,0.0,0.0,0.03004672,0.0,0.0,0.049364362,0.0,0.0,0.0,0.0,0.0,0.0,0.0,0.0,0.0,0.0,0.0,0.0,0.03849462,0.0,0.016154164,0.0,0.08855345,0.0,0.0,0.07739882,0.0,0.0,0.0,0.027051205,0.0,0.0,0.0,0.048404373,0.0,0.0,0.0,0.012393781,0.0,0.0
0.0,0.009423889,0.0,0.0,0.0,0.0,0.0,0.16782993,0.03661891,0.0,0.0,0.0,0.0,0.0,0.0,0.0,0.03768214,0.0,0.0,0.0674866,0.0,0.0,0.0,0.026412344,0.0,0.0,0.02722193,0.0,0.0,0.0,0.0,0.0,0.0,0.14630282,0.057729527,0.0,0.0,0.0,0.0,0.0,0.0,0.0,0.0,0.0,0.0,0.0,0.0,0.0,0.0,0.0,0.0,0.0,0.0154128475,0.07810478,0.0,0.0,0.020573651,0.0,0.0,0.0,0.0,0.010256902,0.0,0.0,0.0,0.0,0.0,0.0,0.14158928,0.0,0.0,0.0
0.10109318,0.0,0.0,0.0,0.0,0.0,0.11690668,0.0,0.0,0.0,0.0,0.0,0.0,0.0,0.0,0.0,0.0051580435,0.0,0.0,0.0,0.03473059,0.0,0.0,0.0,0.0,0.0,0.0,0.0,0.0,0.0,0.0,0.0046384637,0.0,0.0,0.0,0.064148776,0.0,0.0,0.0,0.0,0.0,0.0,0.03496196,0.33691448,0.0,0.0,0.0,0.0,0.0,0.0016021568,0.0,0.0,0.0,0.0,0.08555681,0.0,0.0,0.0108152935,0.0,0.0,0.059948564,0.0,0.0,0.0,0.0065694787,0.0,0.0,0.0,0.0,0.0,0.0,0.0
0.029362105,0.07289046,0.0,0.0,0.0,0.1515844,0.0039788703,0.0,0.0,0.0,0.0,0.0,0.0,0.0,0.0,0.0,0.076185316,0.0,0.030534403,0.04843124,0.0,0.017218275,0.0,0.0039025997,0.0,0.026425142,0.0,0.0,0.0,0.0,0.0,0.0,0.0,0.0,0.103014894,0.0,0.0,0.06325701,0.0,0.0,0.0,0.018207656,0.0,0.0,0.0,0.0,0.0,0.0,0.0,0.0,0.0,0.0,0.042023376,0.0,0.0,0.0,0.0,0.065990955,0.0,0.0,0.0,0.0049015423,0.0,0.015626678,0.0,0.0,0.0,0.03675921,0.055030312,0.0,0.0,0.0
0.07932508,0.10269281,0.0,0.0,0.0,0.00039870388,0.0,0.062627085,0.0088965865,0.0,0.0,0.0,0.0,0.01369693,0.0,0.0,0.27573156,0.0,0.0,0.0,0.0,0.0,0.0,0.0,0.009375239,0.031704407,0.0,0.0,0.0,0.0,0.0,0.0,0.0,0.16680223,0.023402285,0.0,0.0,0.0,0.0,0.0,0.0,0.0,0.0,0.0,0.0,0.0,0.0,0.0,0.0,0.019320374,0.0,0.0,0.006116431,0.0,0.0,0.0,0.0,0.0,0.0031903277,0.005692297,0.0,0.0,0.0,0.017135203,0.0,0.0,0.0,0.01907417,0.020281544,0.015349381,0.0,0.0
0.076456405,0.12572488,0.0,0.0,0.0,0.07877117,0.03198381,0.0,0.0069568898,0.081962734,0.0,0.0,0.0,0.029411333,0.0,0.0,0.14214033,0.0,0.0,0.11610967,0.0,0.0,0.0,0.0,0.0,0.0,0.016761644,0.0,0.0,0.0,0.0,0.0,0.0,0.0,0.0,0.0,0.0,0.0,0.0,0.08731783,0.0,0.0,0.0,0.0,0.0,0.0,0.0,0.0,0.0,0.0,0.0,0.0,0.0,0.0,0.0,0.0,0.0,0.0,0.0,0.0,0.0,0.0,0.0,0.0,0.0,0.0,0.0,0.0,0.0,0.0,0.0,0.0
0.21650235,0.0,0.0,0.0,0.0,0.0,0.0,0.09483399,0.0,0.0,0.0,0.0,0.0,0.0,0.0031747022,0.12259287,0.0,0.0,0.0,0.010720467,0.061507273,0.0,0.0,0.0,0.05537516,0.0,0.0,0.0,0.0,0.0,0.0,0.0,0.0,0.0,0.0,0.0,0.0,0.039445423,0.0,0.0,0.0,0.0,0.0,0.0,0.0,0.0,0.0,0.0,0.0,0.0,0.0,0.0,0.0,0.0,0.0,0.0,0.093688324,0.0,0.03085662,0.0,0.0,0.0,0.0,0.0,0.0,0.0,0.0,0.0,0.0,0.0,0.0,0.0
0.0,0.0,0.0,0.0,0.0,0.09985075,0.09969147,0.0,0.0,0.0,0.0,0.0,0.0,0.0,0.0,0.0,0.0,0.0,0.0,0.0,0.0,0.0,0.0,0.0,0.0,0.0,0.037985254,0.0,0.2565443,0.0,0.0,0.0,0.0,0.0,0.0,0.0,0.0,0.0,0.0,0.0,0.0,0.0,0.0,0.0,0.0,0.0,0.0,0.0,0.0,0.03744283,0.0,0.0,0.0,0.0,0.0,0.0,0.0,0.0,0.0,0.0,0.0,0.0,0.0,0.0,0.0,0.0,0.0,0.0,0.0,0.0,0.0,0.0
0.0,0.11497103,0.0,0.0,0.0,0.0,0.0,0.0,0.0,0.065522105,0.0,0.0,0.0,0.07889317,0.0,0.0,0.0,0.0,0.0,0.052542884,0.0,0.0,0.0,0.0,0.0,0.0,0.07256875,0.0,0.0,0.0,0.0,0.0,0.0,0.0,0.0,0.12678549,0.0,0.0,0.0,0.025931733,0.0,0.0,0.0,0.0,0.0,0.0,0.0,0.0,0.0,0.0,0.0,0.0,0.0,0.0,0.0,0.0,0.0,0.0,0.0,0.0,0.0,0.0,0.0,0.0,0.0,0.0,0.0,0.0,0.0730199,0.0,0.0,0.0
0.3523125,0.0,0.0,0.0,0.0,0.0,0.0,0.0,0.0,0.0,0.0,0.0,0.0,0.0,0.0,0.0,0.05390339,0.0,0.24023059,0.0,0.12858872,0.0,0.0,0.0,0.0,0.0,0.0,0.0,0.0,0.0,0.0,0.0,0.067252755,0.0,0.0,0.0,0.0,0.0,0.0,0.0,0.0,0.0,0.0,0.0,0.0,0.0,0.0,0.0,0.0,0.0,0.0,0.0,0.0,0.0,0.0,0.0,0.0,0.0,0.0,0.0,0.0,0.0,0.0,0.0,0.0,0.0,0.0,0.0,0.0,0.0,0.0,0.0
0.3056616,0.16268136,0.0,0.0,0.0,0.0,0.0,0.0,0.0,0.0,0.0,0.0,0.0,0.0,0.0,0.0,0.03447709,0.0,0.0,0.077254556,0.05175218,0.0,0.0,0.004450406,0.0,0.0,0.0,0.103683926,0.0,0.0,0.0,0.0,0.0,0.0,0.0,0.0,0.0,0.032155517,0.0,0.0,0.0,0.0,0.0,0.0,0.0,0.0,0.0,0.0,0.0,0.0,0.0,0.0,0.0,0.0,0.0,0.0,0.050858032,0.0,0.0,0.0,0.0,0.0,0.0,0.0,0.0,0.0,0.0,0.0,0.0,0.0,0.0,0.0
0.059000656,0.07544717,0.0,0.0,0.0,0.0,0.0,0.11669275,0.0,0.0,0.0,0.0,0.0,0.0,0.0,0.0,0.0,0.0,0.0,0.1915635,0.15489107,0.0,0.0,0.0,0.0,0.0,0.0,0.0,0.0,0.0,0.0,0.0,0.0,0.0,0.0,0.0,0.0,0.0,0.0,0.0,0.0,0.0,0.0,0.0,0.0,0.0,0.0,0.0,0.0,0.0,0.0,0.0,0.0,0.0,0.0,0.0,0.08230267,0.0,0.0,0.0,0.0,0.0,0.0,0.0,0.0,0.0,0.0,0.0,0.0,0.0,0.0,0.0
0.18674359,0.0,0.0,0.0,0.0,0.0,0.0,0.0,0.021240607,0.10242713,0.0,0.0,0.0,0.0,0.0,0.0,0.0,0.0,0.037216008,0.0,0.0,0.0,0.0,0.0,0.0,0.046144266,0.0,0.0,0.0,0.0,0.0,0.0,0.0,0.013455076,0.0,0.0,0.0,0.0,0.030481908,0.0,0.0,0.0,0.0,0.0,0.0,0.0,0.0,0.0,0.0,0.0,0.0,0.0,0.115216956,0.031867985,0.0,0.0,0.034356885,0.0,0.016266005,0.0,0.0,0.0,0.0,0.0,0.0,0.0,0.0,0.097858325,0.0,0.01009799,0.0,0.0
0.33609048,0.0,0.0,0.0,0.0,0.0,0.0,0.0,0.0,0.0,0.0,0.0,0.0,0.0,0.0,0.0,0.15606654,0.0,0.0,0.0,0.0,0.0,0.0,0.0,0.020684963,0.19575353,0.0,0.0,0.0,0.0,0.0,0.0,0.0,0.0,0.0,0.016493298,0.009555044,0.0,0.0,0.0,0.0,0.0,0.0,0.0,0.0,0.0,0.0,0.0,0.0,0.0,0.0,0.0,0.0,0.0,0.0,0.010542551,0.0,0.0,0.0,0.0079515865,0.0,0.0,0.0,0.0,0.0,0.0,0.0,0.0,0.0,0.0,0.0,0.0
0.02516452,0.100696675,0.0,0.0,0.0,0.0,0.0,0.0,0.0,0.0,0.0,0.0,0.0,0.0064993086,0.0,0.0,0.13676503,0.0,0.24635044,0.0237018,0.0,0.033912376,0.0,0.010428076,0.0,0.0,0.0,0.0,0.0,0.0,0.0,0.0,0.0,0.0,0.0,0.0,0.0,0.0,0.0,0.0,0.0,0.0,0.037747912,0.0,0.0,0.0,0.0,0.0,0.0,0.0,0.0,0.0,0.0,0.0,0.0,0.0,0.08942793,0.0,0.0,0.0,0.0,0.0,0.0,0.0,0.0,0.03129383,0.0,0.0,0.0,0.0,0.0,0.0
0.2679859,0.0,0.0,0.0,0.0,0.0,0.0,0.0,0.0,0.0,0.0,0.0,0.0,0.10781552,0.0,0.0,0.0,0.0,0.0,0.0,0.0,0.0,0.0,0.0,0.0,0.0,0.0,0.0,0.0,0.0,0.0,0.0,0.0,0.0,0.0,0.0,0.025425604,0.0,0.0,0.0,0.0,0.0,0.0,0.0,0.0,0.0,0.0,0.0,0.0,0.0,0.0,0.0,0.0,0.0,0.0,0.03791025,0.0,0.0,0.0,0.0,0.0,0.12263769,0.0,0.0,0.0,0.0,0.0,0.0019778542,0.0,0.0,0.0,0.0
0.09930667,0.0,0.0,0.0,0.0,0.0,0.028325368,0.0,0.0,0.0129718315,0.0,0.0,0.0,0.0,0.0,0.0,0.16649222,0.0,0.0,0.0,0.024653591,0.0,0.105711356,0.0,0.0,0.0,0.0,0.0,0.0,0.0,0.0,0.0,0.0,0.0,0.0,0.0,0.0,0.0,0.0,0.0,0.0,0.0,0.0,0.0,0.0,0.0,0.0,0.0,0.0,0.0,0.17331149,0.0,0.0,0.0,0.10273311,0.0,0.0037605902,0.015509859,0.0,0.0,0.0,0.0,0.0,0.0,0.0,0.0,0.0,0.0,0.0,0.0,0.0,0.0
0.035017364,0.15198131,0.0,0.0,0.0,0.073721364,0.0017383655,0.0,0.0,0.0,0.0,0.0,0.04239887,0.0,0.0,0.0,0.1088827,0.0,0.0,0.11234814,0.0,0.0,0.0,0.0,0.0,0.0,0.0,0.0,0.0,0.0,0.0,0.0,0.0,0.0,0.0,0.0,0.0,0.0,0.0,0.0,0.0,0.0,0.0,0.0,0.0,0.0,0.0,0.0,0.0,0.0,0.0,0.0,0.0,0.0,0.0,0.0,0.0,0.15438864,0.0,0.0,0.0,0.0,0.0,0.14801663,0.0,0.0,0.0,0.0,0.0,0.0,0.0,0.0
0.27053908,0.0,0.0,0.0,0.0,0.0,0.0,0.0,0.0,0.0,0.0,0.0,0.11528146,0.0,0.0,0.0,0.0,0.0,0.0,0.0,0.00028042254,0.0,0.0,0.0,0.0,0.0,0.0,0.030924566,0.09566475,0.0,0.0,0.0,0.0,0.0,0.0,0.0,0.0,0.0,0.0,0.0,0.0,0.0,0.0,0.0,0.0,0.0,0.0,0.0,0.0,0.048634294,0.0,0.0,0.0,0.0,0.0,0.0,0.0,0.03262098,0.0,0.0,0.0,0.0,0.0,0.0,0.0,0.021398176,0.0,0.14358085,0.0,0.0,0.0,0.0
0.32094613,0.0,0.0,0.0,0.0,0.0,0.0,0.0,0.0,0.0,0.0,0.0,0.0,0.06486225,0.0,0.0,0.05328969,0.011159589,0.0,0.029594097,0.0,0.0,0.0,0.04598814,0.12809776,0.0,0.0,0.0,0.080266245,0.0,0.0,0.0,0.02751672,0.0,0.0,0.0,0.0,0.0,0.0,0.0,0.0,0.0,0.0,0.0,0.0,0.0,0.0,0.0,0.0,0.0,0.0,0.0,0.0,0.0,0.0,0.0,0.0,0.0,0.0014210648,0.0,0.0,0.0,0.0,0.0,0.0,0.0,0.0,0.0,0.0,0.0,0.0,0.0
0.3885979,0.0,0.0,0.0,0.0,0.0,0.0,0.0,0.0,0.0,0.0,0.0,0.0,0.0,0.0,0.0,0.0,0.0,0.050942756,0.0,0.006695093,0.0,0.0,0.08931949,0.0,0.0,0.0,0.0,0.0,0.0,0.0,0.0,0.0,0.0,0.0,0.0,0.0,0.0,0.0,0.0,0.0,0.0,0.0,0.0,0.0,0.0,0.0,0.0,0.0,0.006444679,0.0,0.0,0.0,0.0,0.0,0.0,0.0,0.0,0.051724672,0.0,0.0,0.0,0.0,0.100521825,0.0,0.0,0.0,0.0,0.0,0.0,0.0,0.0
0.18347642,0.001082692,0.0,0.0,0.0,0.0,0.059459932,0.0,0.0,0.0,0.0,0.0,0.0,0.0,0.0,0.0,0.097606145,0.0,0.0,0.0,0.0,0.0,0.0,0.0,0.12289154,0.027813071,0.019709283,0.0,0.0,0.0,0.0,0.0,0.0,0.0,0.0,0.0,0.0,0.024667272,0.004123364,0.0,0.0,0.0,0.0,0.0,0.0,0.0,0.0,0.0,0.0,0.0,0.0,0.0,0.0,0.047251377,0.0,0.0,0.0,0.054754544,0.02307602,0.0,0.0,0.0,0.0,0.0,0.0,0.0,0.0,0.11621173,0.0,0.0,0.0,0.0
0.4282985,0.0,0.0,0.0,0.0,0.0,0.0,0.0,0.0,0.0,0.0,0.0,0.0,0.070398405,0.0,0.0,0.0,0.0,0.0,0.15410058,0.0,0.0,0.0,0.054315954,0.0,0.0,0.0,0.0,0.0,0.0,0.0,0.0,0.0,0.0,0.0,0.0,0.0,0.0,0.0,0.0,0.0,0.0,0.0,0.0,0.0,0.0,0.0,0.0,0.0,0.0,0.0,0.0,0.0,0.0,0.0,0.0,0.0,0.0,0.0,0.0,0.0,0.0,0.0,0.084226094,0.0,0.0,0.0,0.0,0.0,0.0,0.0,0.0
0.26120865,0.0,0.0,0.0,0.0,0.0,0.0,0.0,0.0,0.0,0.0,0.0,0.0,0.0,0.0,0.0,0.0,0.0,0.0,0.0,0.0,0.0,0.0,0.0,0.0,0.0,0.0,0.0,0.0,0.0,0.0,0.0,0.0,0.0,0.11666865,0.0,0.0,0.0,0.0,0.0,0.0,0.0,0.0,0.0,0.0,0.0,0.0,0.0,0.0,0.023854518,0.0,0.0,0.0,0.0,0.0,0.0,0.0,0.0,0.067440405,0.0,0.0,0.0,0.09259095,0.0,0.0,0.0,0.0,0.001035132,0.0,0.0,0.0,0.0
0.25877663,0.0,0.0,0.0,0.0,0.0,0.0,0.11010549,0.0,0.020456193,0.0,0.0,0.0,0.0,0.0,0.0,0.061660316,0.0,0.0,0.03790008,0.0,0.0,0.0,0.0,0.0,0.0,0.0,0.0,0.023816504,0.0,0.0,0.0,0.0,0.0,0.12346463,0.0,0.0,0.0,0.0,0.0,0.0,0.0,0.0,0.0,0.0,0.0,0.0,0.0,0.0,0.0,0.0,0.0,0.0,0.047510613,0.0022699605,0.0,0.0,0.033606302,0.020619655,0.0,0.0,0.0,0.0,0.054644078,0.0,0.0,0.0,0.0,0.0,0.0,0.0,0.021582967
0.57016146,0.0,0.0,0.0,0.0,0.0,0.0,0.0,0.0,0.0,0.0,0.0,0.0,0.0,0.0,0.0,0.035820257,0.0,0.0,0.0,0.0,0.0,0.0,0.0,0.0,0.12511738,0.0,0.0,0.0,0.0,0.0,0.0,0.0,0.0,0.0,0.0,0.0,0.0,0.0,0.0,0.0,0.0,0.0,0.0,0.0,0.0,0.0,0.0,0.0,0.0,0.0,0.0,0.034819465,0.0,0.0,0.0,0.0,0.0,0.08171189,0.0,0.0,0.0,0.0,0.0,0.0,0.0,0.0,0.0,0.0,0.0,0.0,0.0
0.5619651,0.0,0.0,0.0,0.0,0.0,0.0,0.0,0.0,0.0,0.0,0.0,0.0,0.0,0.0,0.0,0.0,0.0,0.0,0.0,0.0,0.0,0.0,0.0,0.0,0.0,0.0,0.0,0.0,0.0,0.0,0.0,0.0,0.0,0.0,0.0,0.0,0.0,0.0,0.0,0.0,0.0,0.0,0.0,0.0,0.0,0.0,0.004661295,0.0,0.0,0.0,0.0,0.0,0.0,0.048785735,0.0,0.0,0.0,0.0,0.0,0.0,0.0,0.0,0.0,0.0,0.0,0.0,0.0,0.0,0.0,0.0,0.0
0.3101235,0.023599071,0.0,0.0,0.0,0.001964311,0.0,0.0,0.0,0.025773186,0.0,0.0,0.0,0.0,0.0,0.0,0.028859232,0.0,0.0,0.0,0.0,0.0,0.0,0.0,0.0,0.0,0.0,0.0,0.0,0.0,0.0,0.0,0.0,0.097085156,0.0,0.0,0.061198905,0.0,0.0,0.0,0.0,0.0,0.0,0.0,0.0,0.0,0.0,0.0,0.0,0.0,0.0,0.0,0.0,0.052927118,0.013913667,0.0,0.028025292,0.03340184,0.0052907127,0.0,0.0,0.0,0.0,0.12963662,0.0,0.0,0.0,0.0,0.0,0.0,0.0,0.0
0.43581435,0.0,0.0,0.0,0.0,0.0,0.1185626,0.0,0.0,0.0,0.0,0.0,0.0,0.0,0.0,0.0,0.0,0.0,0.0,0.03621342,0.0,0.0,0.0,0.013536501,0.0,0.052365385,0.0,0.0,0.0,0.0,0.010976444,0.0037665577,0.058000084,0.0,0.0,0.0,0.007087831,0.0,0.0,0.0,0.0,0.0,0.0,0.0,0.0,0.0,0.0,0.0,0.0,0.0007674977,0.0,0.0,0.0,0.0,0.0,0.0,0.0,0.0,0.0,0.0,0.0,0.0,0.0,0.0,0.0,0.0,0.0,0.0,0.0,0.0,0.0,0.0
0.045919064,0.0,0.0,0.0,0.0,0.22593431,0.0,0.0,0.0,0.0,0.0,0.0,0.0,0.0,0.0,0.0,0.0,0.0,0.0,0.0,0.09834375,0.0,0.0,0.0,0.12102501,0.0,0.008603517,0.0,0.0,0.0,0.0,0.0,0.0,0.0,0.0,0.0,0.0,0.0,0.033383176,0.0,0.0,0.0,0.0,0.0,0.0,0.0,0.0,0.0,0.0,0.0,0.0,0.0,0.0,0.0,0.0,0.0,0.0,0.0,0.1343274,0.0,0.0,0.0,0.0,0.0,0.0,0.0,0.0,0.0,0.0,0.04443886,0.0,0.0
0.28764105,0.0,0.0,0.0,0.0,0.0,0.0,0.0,0.0,0.0,0.0,0.0,0.0,0.001309564,0.0,0.0,0.072143644,0.0,0.0,0.0,0.0,0.0,0.0,0.03958654,0.0,0.10512473,0.0,0.0,0.0,0.0,0.0,0.0,0.0,0.0,0.0,0.0,0.0,0.0,0.0,0.0,0.0,0.0,0.0,0.0,0.0,0.0,0.0,0.0,0.0,0.011086779,0.0,0.0,0.0,0.0,0.09240082,0.0,0.0,0.0,0.0,0.0,0.0,0.0,0.0,0.0,0.0,0.0,0.0,0.031015739,0.0,0.0,0.0,0.0
0.20339958,0.0,0.0,0.0,0.0,0.0,0.0,0.0,0.0,0.0909642,0.0,0.0,0.0,0.0,0.0,0.0,0.0,0.0,0.12924743,0.0,0.0,0.0,0.0,0.0,0.0,0.0,0.0,0.16293608,0.0,0.0,0.0,0.0,0.0,0.0,0.0,0.0,0.0,0.0,0.0,0.0,0.0,0.0,0.0,0.0,0.0,0.0,0.0,0.0,0.0,0.0,0.0,0.0,0.0,0.0,0.0,0.0,0.0,0.0,0.0,0.0045468803,0.0,0.0,0.0,0.0,0.0,0.0,0.0,0.0,0.0,0.0,0.0,0.015056169
0.0409736,0.0,0.0,0.0,0.0,0.21293825,0.0,0.0,0.0,0.0,0.0,0.0,0.014344274,0.117493235,0.0,0.0,0.0,0.0,0.0,0.0,0.0,0.0,0.0,0.12006044,0.0,0.0,0.004566342,0.0,0.0,0.0,0.0,0.0,0.0,0.0,0.0,0.0,0.0,0.0,0.0,0.0,0.0,0.0,0.0,0.0,0.0,0.0,0.0,0.0,0.0,0.17984289,0.0,0.0,0.0,0.032171663,0.0,0.0,0.021019986,0.0,0.05136023,0.0,0.0,0.0,0.0,0.0,0.0,0.0,0.0,0.0,0.0,0.0,0.0,0.0
0.10243028,0.116506204,0.0,0.0,0.0,0.0,0.0,0.0,0.0,0.0,0.0,0.0,0.0,0.0,0.0,0.0,0.0,0.0,0.0,0.28275758,0.0,0.0,0.0,0.0,0.0,0.0,0.0,0.0,0.0,0.0,0.0,0.0,0.0,0.0,0.0,0.0,0.0,0.0,0.0,0.0,0.0,0.0,0.0,0.0,0.0,0.0,0.0,0.0,0.0,0.0,0.0,0.0,0.0,0.0,0.0,0.03457731,0.0,0.0,0.0,0.0,0.0,0.0,0.0,0.0,0.0,0.0,0.0,0.0,0.0,0.0,0.0,0.0
