batch_size,lr,num_neurons_pos,num_hidden_layers_pos,num_neurons_neg,num_hidden_layers_neg,pnorm_order,lagrange_smalltozero,lagrange_pnorm,lagrange_base,lagrange_important_sigs,value
456.0,0.0005611337953010081,598.0,3.0,1108.0,2.0,6.0,1.4389722118726462,97251.32813756664,0.735489320009405,0.10404013458714396,-0.1395304784178734
126.0,0.00014654875972099302,867.0,4.0,89.0,6.0,8.0,2.9488993663255294,81683.88443163809,0.44827531376753965,0.15021138593636651,-2.0
293.0,1.2739323826345409e-05,175.0,3.0,230.0,3.0,9.0,5.576774616041673,6619.262949524091,0.13711007983690454,0.2877055364601874,-0.1693338394165039
467.0,0.0008243632187553893,211.0,2.0,569.0,3.0,8.0,9.042480315198427,19979.27864247767,0.0933604782713633,0.22013132973822894,-0.06561208087950945
486.0,0.0003930260414590759,57.0,5.0,672.0,5.0,9.0,4.753981416988908,95834.44301051059,0.13601693981958776,0.9515220548679445,-2.0
420.0,0.0001729354849527935,281.0,3.0,1035.0,5.0,7.0,4.538884668210444,8341.550511122174,0.24385776775310214,0.46796863326790994,-0.10487213358283043
41.0,0.0007228446131758807,333.0,6.0,812.0,2.0,6.0,2.055519501200548,55176.984732663834,0.2655836279508149,0.567108609664164,-0.036117180995643136
193.0,0.0007163903521433256,932.0,4.0,767.0,4.0,8.0,4.157757409265288,79762.44719695437,0.28569740419749257,0.926451494654957,-2.0
160.0,0.0009171061275789839,669.0,2.0,201.0,2.0,5.0,8.639181177417385,21465.43060821982,0.9245175480841826,0.7621694815904841,-0.08229827284812927
356.0,0.0002177545022573831,868.0,2.0,514.0,4.0,7.0,4.302263285255631,44336.89227681074,0.16298848838255417,0.17394547532321697,-0.07197537086904049
108.0,0.0001790601527240872,338.0,1.0,1012.0,2.0,6.0,7.895332735872925,79423.7141091927,0.5070547036612759,0.8801704976781753,-0.06173017881810665
34.0,0.0006782291954806993,812.0,2.0,468.0,2.0,3.0,8.695264151321625,95433.5092592198,0.6623611000323046,0.3445259943565794,-0.021419151127338408
466.0,0.0008586123960924258,247.0,3.0,210.0,1.0,5.0,0.5932587210369069,27329.823345377685,0.26935172170977495,0.11984695550131702,-0.0993273515254259
385.0,0.00010481169562043182,880.0,6.0,1020.0,3.0,8.0,9.613824029153026,49632.186720150225,0.1703580535729455,0.6620418618283482,-0.10922357514500618
278.0,0.00012654558138116794,77.0,4.0,551.0,4.0,6.0,0.11508627941964485,33149.34059058103,0.9457768372591799,0.9952434696804945,-0.25425869673490525
83.0,0.0002540858017743728,1137.0,5.0,306.0,4.0,8.0,1.7110745738938538,61483.19517843441,0.05377046302290625,0.6702469871896551,-0.035839814133942126
410.0,0.00030025001090455645,100.0,6.0,1055.0,5.0,8.0,0.8338281618953604,42279.22142497977,0.26013639893764023,0.8364250183443068,-0.1529259167611599
50.0,0.0006738209629721626,178.0,5.0,537.0,2.0,4.0,7.248576637240701,2983.301453502763,0.012789262826452378,0.5387232529159937,-1.0046743035316468
356.0,0.00042175821585980605,463.0,3.0,845.0,1.0,4.0,1.3668320838158312,93051.70070232725,0.08911462827221789,0.8444259501839322,-0.06535091623663902
223.0,0.0009061768505831537,1088.0,3.0,1155.0,3.0,7.0,2.19465651280897,52175.74903951206,0.24711627447762016,0.8893979196397414,-0.0765133623033762
201.0,0.000863065912881209,505.0,1.0,260.0,1.0,6.0,0.7522621316524531,35396.96377186757,0.07323315662084338,0.5126614729760052,-0.0528287161141634
214.0,0.00030183204741442734,583.0,3.0,707.0,4.0,7.0,3.7856589149656035,74464.81121077084,0.13674143380909445,0.6859267602793682,-0.06369242295622826
426.0,5.71996310511633e-05,237.0,4.0,344.0,5.0,8.0,9.649465379780423,53870.520826795226,0.5143858532458586,0.05710451703597807,-0.17108580619096755
226.0,7.60244278504771e-05,485.0,4.0,101.0,2.0,4.0,6.552292578720965,41642.751609513005,0.24003592772277685,0.9175215042533247,-0.11317793875932694
363.0,0.0008451738638709821,112.0,4.0,964.0,6.0,3.0,5.207087069962514,91011.29878317905,0.3675292351235015,0.6150055046347354,-0.06575750652700663
418.0,0.0006460003973920572,728.0,5.0,568.0,5.0,8.0,3.8627268048745913,85106.18714784371,0.6380640221679476,0.9465136986903425,-2.0
332.0,0.0007805492094719834,799.0,5.0,419.0,6.0,7.0,6.32043144750336,10124.749640653317,0.08788463138549125,0.200952600308028,-0.04825920071452856
64.0,0.000581262184254828,614.0,2.0,459.0,4.0,7.0,6.839631771696578,31426.638940370078,0.31371440764476655,0.5520349859027138,-0.04365455973893404
81.0,0.0005982996397249104,789.0,4.0,428.0,4.0,9.0,8.806850328601834,74821.465164628,0.3729521947027905,0.3545864033904122,-0.05621802862733603
288.0,0.0006163431182358053,414.0,2.0,879.0,2.0,7.0,8.021964067421113,61141.338670935125,0.12405676295258754,0.7914889320873278,-0.06612126305699348
412.0,8.234524099830948e-05,1192.0,3.0,399.0,5.0,7.0,6.057313349067654,57951.54375807172,0.2929949946043632,0.39812939123679353,-0.10713498629629611
344.0,0.00043029411108980083,742.0,5.0,982.0,3.0,7.0,8.955300926596452,33638.201942662694,0.9882842104379777,0.7404019483091474,-0.1421186000108719
298.0,0.00014292537679529775,1095.0,4.0,443.0,1.0,6.0,1.5184248487886693,44560.19221193456,0.03171976674493134,0.28258149541483496,-0.04388121720403433
88.0,0.0007954614549207311,863.0,5.0,1103.0,6.0,6.0,9.343576887618568,44389.90717259718,0.3362377985171953,0.5703470288934828,-0.053304072842001914
362.0,0.0009116869195223548,1088.0,4.0,444.0,6.0,4.0,3.92851584905982,58620.474285754004,0.476985524780417,0.5229061414732978,-0.09399383105337619
259.0,0.0009869919104345652,624.0,3.0,270.0,6.0,6.0,2.9149643371178313,36684.716325088455,0.8506201345098395,0.7453998245463793,-0.11978123337030411
402.0,0.00034205197593642093,297.0,3.0,122.0,4.0,4.0,7.0965453362119995,7021.696519676144,0.4532255226141262,0.5343928426076201,-0.09886009097099305
117.0,0.0008902473942630799,645.0,4.0,890.0,2.0,4.0,0.5777003345495155,63797.85496193354,0.26363181031581767,0.50322505458521,-0.047328421659767625
249.0,0.000572682709685384,373.0,2.0,437.0,5.0,8.0,5.741813979058612,51851.06684944595,0.9818391177424467,0.33311595352725,-2.0
90.0,0.0005902239748523167,248.0,3.0,356.0,3.0,7.0,8.992611944264256,86173.45241633261,0.12365213801603918,0.456226882634799,-0.038839243724942206
209.0,0.0004461180344839967,1018.0,3.0,501.0,4.0,5.0,0.4076584857855611,87154.76156494142,0.15714519195949928,0.4908731148627298,-0.052546578273177144
290.0,0.0008141912242169221,1079.0,4.0,668.0,1.0,8.0,4.099713489398782,99963.08709623433,0.08847845916230682,0.40509935101722333,-2.0
176.0,0.0003981731842885761,1083.0,3.0,997.0,5.0,9.0,9.384543129790398,82726.30818600883,0.3832287276607512,0.4146497912740223,-0.07506430558860303
135.0,0.0008750063180809357,1114.0,3.0,576.0,3.0,3.0,5.015655680499442,46400.61751547807,0.5791070763541473,0.5853576920127678,-0.04808726944029331
253.0,0.00012051937895522544,127.0,5.0,574.0,3.0,3.0,3.3102098390914683,16185.755927061178,0.950027654574777,0.04484403655100282,-0.10526795834302902
233.0,4.618795494466661e-05,401.0,3.0,868.0,4.0,6.0,8.71592580241808,88867.76333540019,0.934012524288988,0.13605629394128654,-0.16181793436408043
197.0,0.0008044171425794329,1187.0,6.0,890.0,3.0,9.0,6.853277222010859,3245.0463494237174,0.3463050000256506,0.01591361129638922,-0.04764941036701202
278.0,0.000752527609267573,434.0,2.0,1111.0,4.0,8.0,5.6968641883427535,83127.70737311056,0.39296980089757255,0.6876874475533382,-2.0
158.0,0.0001277767408964656,1179.0,4.0,1115.0,2.0,3.0,5.485824976269895,50391.35374902733,0.6408185566531546,0.12853928523455246,-0.04578426834195852
249.0,0.000783888794146801,74.0,6.0,978.0,1.0,3.0,7.436723784301921,38990.61010391804,0.7055322286398135,0.7545123561884367,-0.09141948558390141
20.0,0.0003678840620320508,1200.0,5.0,69.0,3.0,8.0,0.36085738216075014,32771.74307834421,0.01,1.0,-1.4870183527469636
500.0,0.00013732532103111718,461.0,3.0,358.0,6.0,4.0,6.217038574480196,98035.94212151799,0.7706243129139396,0.7122219799291064,-0.17154081910848618
303.0,0.0003645536491970217,1157.0,3.0,298.0,3.0,6.0,4.047535686905738,68061.48257212386,0.01,0.9003249157473519,-1.0316950678825378
500.0,0.0009931383836033108,78.0,3.0,893.0,2.0,8.0,1.3860064298905035,82798.51920898203,0.11900688669242347,0.9865461085257516,-2.0
500.0,0.0003637911996464927,773.0,2.0,81.0,2.0,4.0,4.412263721165698,20536.25304607723,0.8126611620723682,0.05228806489105809,-0.13589492738246917
20.0,0.0005416999956478988,109.0,4.0,1185.0,2.0,6.0,2.145175145901368,60024.60819537983,0.7323304170692546,0.3162066056699136,-0.033217838034033775
358.0,9.231970769519239e-05,255.0,6.0,705.0,1.0,7.0,9.429820286887868,31826.3007989137,0.3656586936012973,0.23609030114467108,-0.1290049284696579
500.0,0.001,50.0,1.0,1191.0,4.0,8.0,10.0,7618.24644503298,0.20859940695642926,0.01,-0.09063978046178818
75.0,0.0002708486074589615,50.0,2.0,733.0,2.0,8.0,4.17430971578237,54346.34060950781,0.20502221522348027,0.010071547629472925,-0.03595547750592232
288.0,0.0005292262048078649,281.0,1.0,503.0,6.0,8.0,9.336306945086946,16846.116440453763,0.3282419509721625,0.01,-0.057299407199025154
198.0,0.0003484415639547996,740.0,4.0,1119.0,2.0,4.0,4.1952542189973485,80123.14078346819,0.4971220152258918,0.15097102828686415,-0.06651509366929531
20.0,0.00044564955235029224,1061.0,4.0,950.0,1.0,9.0,4.08007480267966,80296.49559420247,0.6447880375932395,0.7528118411600603,-2.0
52.0,0.00044822921767215495,887.0,3.0,446.0,5.0,9.0,10.0,70482.52648239087,0.25984537255134893,0.3394673246459765,-0.035641112737357615
20.0,0.00014017894601144076,756.0,5.0,580.0,1.0,6.0,0.8677674593079305,45900.02155586233,0.43226968804950405,0.5432154649420221,-0.02545750215649605
327.0,0.0008254036555151586,743.0,3.0,183.0,6.0,6.0,6.401621992373882,23929.82981033429,0.47275740450360926,0.2752431976707589,-0.09368658028542995
277.0,0.0009113549258814525,872.0,5.0,771.0,4.0,8.0,2.8295874090982416,54935.39203350625,0.043566436637319725,0.2807919782834971,-2.0
20.0,0.0002817339970528721,439.0,1.0,338.0,3.0,8.0,3.131802601538071,58173.47831903892,0.8758865462126951,0.2721020069179773,-2.0
500.0,0.00014729768913138527,50.0,6.0,1200.0,6.0,8.0,1.245904388459347,55070.37825261664,0.3474891443416989,0.715593925676705,-0.2116655558347702
194.0,1e-05,370.0,5.0,1008.0,3.0,8.0,2.5974751027572167,56250.61606055171,0.11892427848342461,0.8375056618291762,-0.11897866502404213
127.0,0.0006570901478763147,109.0,2.0,1104.0,3.0,7.0,1.0108722725263977,45371.14294414189,0.3616877261092657,0.2060723434003697,-0.05633217189460993
322.0,0.0004568041908573624,1146.0,4.0,945.0,2.0,6.0,9.829852902128849,45101.01140160567,0.7885772482107647,0.680707898062436,-0.1214099146425724
316.0,0.000951449329863377,842.0,5.0,890.0,5.0,6.0,2.0348103787178333,44199.56336980035,0.3811489870720136,0.47457959998541177,-0.09763001091778278
218.0,0.00022020138613273557,1006.0,1.0,1058.0,1.0,8.0,3.2523498280853484,51967.77350605127,0.01,0.13675839091504285,-1.0213294804096222
172.0,0.0002549849783104338,197.0,3.0,1200.0,1.0,8.0,6.7755779137712135,8493.85758207406,0.01,0.01,-1.0064996659755707
20.0,1e-05,521.0,5.0,412.0,4.0,7.0,1.9586884662070922,62194.63799853261,0.1408757344291393,0.748716705740163,-0.022864177264273165
38.0,1e-05,165.0,4.0,50.0,5.0,8.0,1.5559910204700325,61312.44366460245,0.1295459595538279,0.3183624868727907,-1.0545689821243287
311.0,1e-05,142.0,6.0,590.0,4.0,8.0,2.407800492002787,40925.8729042683,0.01,0.554526388160754,-1.1256820678710937
135.0,7.305233184751663e-05,246.0,3.0,1079.0,3.0,7.0,3.5052603133962137,53885.903452315244,0.24978865320361215,0.6906527907198193,-0.0674484685063362
473.0,1e-05,474.0,5.0,386.0,2.0,4.0,8.20331192780269,17241.99728673442,1.0,0.5230477271991862,-0.33885260075330736
223.0,1e-05,50.0,3.0,670.0,2.0,6.0,7.185148264054491,89606.06164641323,1.0,0.7617364638246175,-1.0730892598628998
500.0,0.001,461.0,1.0,491.0,6.0,8.0,10.0,10867.364440425907,0.39492722042125117,0.1972468816575155,-0.12128014303743839
407.0,0.0009977915193643586,50.0,4.0,435.0,2.0,8.0,4.661752068775618,25286.338885593734,0.4413149620408521,0.01,-0.15621754080057143
183.0,0.00040314721702843496,76.0,3.0,357.0,1.0,6.0,9.474134583042284,77292.70605819536,0.19343961250703617,0.3837039445184065,-0.07371433787047862
27.0,0.0002401271546379919,154.0,3.0,715.0,3.0,5.0,4.499590245339948,59450.0595177078,0.4516646435776824,0.3156807765196656,-0.023103279527276754
379.0,1e-05,316.0,4.0,584.0,2.0,3.0,4.718494564951599,74732.32876696398,0.478427099043561,0.43634967568476873,-0.21487803012132645
311.0,0.0004087187064108272,535.0,5.0,1176.0,5.0,7.0,5.962318551127433,75689.7057130975,0.14663473722974796,0.4330899782566412,-0.06469674296677112
350.0,1e-05,50.0,2.0,520.0,5.0,8.0,10.0,45732.50630886408,0.3516839100937245,0.01,-1.0956433296203614
270.0,0.0005023245691353613,161.0,5.0,333.0,4.0,7.0,1.352613714167994,47471.78403795548,0.3190001357910304,0.7856410572556406,-0.11423553451895714
202.0,1e-05,286.0,5.0,871.0,2.0,7.0,2.942727721487513,45809.17098402825,0.32356054969072495,0.01,-0.1460808090865612
124.0,0.0003898912648729969,176.0,2.0,1200.0,2.0,6.0,2.396218800127843,37791.60153587265,0.31262374786989855,0.01,-0.04187838472425938
397.0,0.0005459419265065274,288.0,3.0,1005.0,1.0,5.0,0.7279249623392455,71277.03967481157,0.5353430579202574,0.2594707977082062,-0.14757239148020745
190.0,0.0003251716009573028,501.0,2.0,749.0,1.0,7.0,10.0,66844.86048385636,0.4455704305436254,0.41574992578605047,-0.07495070956647396
275.0,0.0007099756559332155,540.0,4.0,352.0,3.0,7.0,7.761285852784299,11720.987812730655,0.3481385318409322,0.1606016093907994,-0.06713090892881154
61.0,0.00030619086844879673,50.0,2.0,1200.0,2.0,7.0,5.249910286939224,48726.71675136945,0.2753101336321759,0.01,-0.029631444811820985
274.0,0.00030004288732079826,181.0,4.0,514.0,1.0,5.0,8.664122378769534,79153.5667356179,0.630131095514502,0.01,-0.10759558826684952
105.0,0.0003915851434197603,795.0,3.0,538.0,6.0,9.0,10.0,60926.60417296808,0.01,0.08256324272712484,-1.0089786291122436
427.0,1e-05,848.0,3.0,672.0,4.0,7.0,7.522421944239467,71513.9953649731,0.13867291964759926,0.5585718235640059,-0.19014143124222754
87.0,0.00024428765320760984,421.0,1.0,831.0,1.0,6.0,3.89682414425327,69984.12265750389,0.22947788656166243,0.4389608794177526,-0.04381139241158962
428.0,0.00012000691434258318,222.0,1.0,773.0,2.0,4.0,5.086406718651461,31835.725356734438,0.5850521571994318,0.6268297369381739,-0.19847312197089195
404.0,4.4418354819112053e-05,1065.0,1.0,1101.0,2.0,6.0,3.671655831551123,35503.44752080172,0.2508396008493238,0.2837865698031687,-0.11003637239336968
291.0,0.0008873164937755145,480.0,4.0,917.0,3.0,5.0,6.179378223402373,91824.69073200347,0.4150877630032225,0.4772792176307597,-0.09090361297130585
205.0,0.0006539380676117724,318.0,4.0,857.0,4.0,7.0,10.0,44428.02874928871,0.3777620926847554,0.8447088388719303,-0.07869096770882607
411.0,0.001,133.0,3.0,436.0,2.0,7.0,8.93557233610408,18300.749340920527,0.15054707307086526,0.37127337842774033,-0.0781657412648201
152.0,0.0007088505213505478,1057.0,1.0,722.0,5.0,5.0,9.774497774522464,69208.8412965224,0.485310615858179,0.7720051449007423,-0.060531582683324814
56.0,0.0008736351670548809,234.0,4.0,622.0,6.0,5.0,3.851047879649447,54117.012320619746,0.7834866625951363,0.19279255379968316,-0.04455186892300844
366.0,0.0006417214548399397,1127.0,3.0,872.0,3.0,5.0,4.314775972855957,98504.70220314912,0.8004615472839979,0.05698827738485056,-0.11001445688307285
103.0,0.000541118242220727,927.0,3.0,249.0,3.0,6.0,0.1,48387.2609930264,0.36568300543195714,0.22066998047619157,-0.05180667955428362
220.0,0.000350999237673603,1160.0,1.0,861.0,2.0,8.0,4.681640478570947,42600.34193871328,0.3200908283381197,0.24668816838638047,-0.07664622478187084
385.0,0.00013359506765325902,390.0,6.0,587.0,2.0,7.0,9.43810157370642,17603.777012578386,0.6104015936156323,0.6683883237431766,-0.14344381541013718
393.0,0.00024854452927650436,831.0,5.0,113.0,3.0,9.0,6.735855449205366,1000.0,0.3943606262445812,0.544715328156892,-0.09410838112235069
138.0,0.0007077949898183955,125.0,2.0,812.0,6.0,3.0,7.231647143836762,65597.39773048897,0.7465379772399481,0.17029359870150926,-0.04288037940859794
155.0,0.00045836049399253074,849.0,4.0,524.0,4.0,7.0,10.0,66790.16408492596,0.18650214854378883,0.5730602550231177,-0.0528903154656291
448.0,0.00047876166374824947,1060.0,5.0,1045.0,2.0,9.0,10.0,69663.52784264644,0.44276074383640196,0.26347336598192456,-0.14862986356019975
309.0,0.0007030138018685442,967.0,2.0,418.0,4.0,4.0,0.1,98460.75654513318,0.2923141969144659,0.5455572938047994,-0.0734744317829609
486.0,0.0002815102249200039,923.0,4.0,803.0,2.0,6.0,9.107614221410184,74515.00229148132,0.42096677188255494,0.01,-0.13805268108844757
92.0,0.0003140294133834508,317.0,4.0,439.0,3.0,5.0,0.9104968242664264,52981.932249912425,0.7346043980868986,0.4534895629594945,-0.05685512535274029
100.0,0.001,445.0,6.0,499.0,2.0,6.0,7.928551371817046,27466.50360872053,0.7936421849627018,1.0,-0.08362017273902893
20.0,0.0004296754353049088,1103.0,3.0,1028.0,5.0,9.0,10.0,70281.39528475988,0.3405318153478794,0.02791545675248335,-2.0
500.0,0.0008383870702762175,1183.0,4.0,1000.0,3.0,9.0,10.0,55207.857987720425,0.4052652091751782,0.4006660860474492,-2.0
483.0,0.00031881691681272977,90.0,1.0,510.0,4.0,7.0,4.740599656732402,56396.172974295645,0.032253837803657426,0.01,-0.05406087059527635
500.0,1e-05,1038.0,6.0,338.0,6.0,6.0,3.378373140932204,60091.88242024852,0.01,0.43212019446144895,-1.0579828798770905
417.0,1e-05,403.0,6.0,293.0,3.0,7.0,0.8146342747516634,56368.66166947388,0.4046405219631978,0.01,-0.23531852141022683
20.0,0.0003707687971873082,359.0,1.0,402.0,5.0,6.0,5.817137591034158,74810.35467568105,0.30330496562800546,0.6506440662528528,-0.021387016959488393
500.0,0.000959346184777679,594.0,3.0,1092.0,6.0,8.0,4.629610246341164,6460.299599906278,0.4734176639517862,0.01,-0.09446450620889664
43.0,0.000982954999588773,839.0,1.0,448.0,3.0,7.0,0.12325109272405382,38615.7724261043,0.01,0.2379842322692497,-1.0054974496364593
344.0,1e-05,545.0,5.0,219.0,1.0,6.0,0.7567560374459447,46168.34145475677,0.20742901042917766,0.07951032692696375,-0.22946910932660103
223.0,0.00042611129862896033,133.0,1.0,1200.0,3.0,6.0,6.729535710514485,27436.691881872764,0.7533739337394375,0.5967026742911588,-0.11605589054524898
35.0,0.000592708496050259,94.0,5.0,733.0,2.0,6.0,6.395359373266229,63325.75486005869,0.5352803355476348,0.48315845135854474,-0.0406845772638917
500.0,9.899029575054776e-05,91.0,5.0,1165.0,5.0,9.0,5.419768613092982,72409.08249851121,0.0480760206435706,0.387166916630862,-0.15233888179063798
20.0,0.0007178228454334499,306.0,2.0,350.0,3.0,4.0,5.654054456672733,56631.17983470191,0.8253569480644755,0.30787074297149547,-0.02597201718017459
20.0,0.001,713.0,3.0,970.0,2.0,5.0,5.591935066694529,69111.70874529015,0.9007958944007839,0.5619771230762388,-0.0381954126060009
176.0,0.0004987504908148635,928.0,3.0,792.0,4.0,5.0,4.048770144956677,89742.53690034682,0.209824690553316,0.270065013178286,-0.04047746043652296
20.0,0.0006808288693451816,275.0,3.0,1200.0,2.0,4.0,5.5989319215589655,77422.47976696225,0.27435199562228885,0.7736532096022511,-0.019894974026829004
500.0,0.001,378.0,4.0,528.0,2.0,7.0,6.21916437750902,18577.704993085066,0.39839012338241736,0.06347933685144737,-0.11217576116323472
20.0,0.0006085751558092936,1089.0,2.0,426.0,2.0,5.0,8.115663033008298,44120.39265777833,0.6535311093927152,0.5034264883959176,-0.024951114505529403
20.0,0.001,365.0,1.0,848.0,5.0,6.0,7.265516526504197,67246.534673099,0.944675265802221,0.42973569319963,-2.0
459.0,0.00032724280439808156,50.0,6.0,845.0,2.0,8.0,9.379734282498186,47069.681371733626,0.44415747609851375,0.07364366281262043,-0.19956052526831627
33.0,0.0009811552032664883,508.0,5.0,456.0,1.0,4.0,3.1728521593219794,67932.22213957492,0.7927591328788266,0.628409960027847,-0.043789390847086905
214.0,0.0001660611253817897,320.0,2.0,1133.0,1.0,6.0,3.7562771601835196,56904.923729594164,0.5881163361150783,0.30445805522740077,-0.10772284269332885
145.0,0.0002930721330600941,1092.0,3.0,1200.0,2.0,7.0,9.433990663393867,37275.08360304605,0.3014579633426935,0.346229047422516,-0.05958615057170391
136.0,1e-05,1178.0,3.0,882.0,1.0,5.0,9.696985477388903,75906.76539838863,0.5029288197845682,0.8538080887584741,-0.08350732363760471
72.0,0.001,974.0,4.0,836.0,2.0,5.0,8.815162035633646,56255.589640935264,0.7144228591135434,0.1725281770603247,-0.05380605161190033
453.0,0.00038531394098383016,107.0,6.0,805.0,1.0,6.0,4.541887822308346,58899.67167682444,0.6490452852543317,0.30610670409994656,-0.20019146725535392
20.0,0.001,1147.0,1.0,453.0,6.0,4.0,8.73227217387621,40374.18085892887,0.6172559340980128,0.19904461946285842,-2.0
42.0,0.0005880558839145677,212.0,5.0,58.0,1.0,5.0,9.468455958160892,60293.87831133336,0.41006034348866555,0.17292072321543253,-0.028041505813598634
185.0,0.0006927007189011752,253.0,4.0,539.0,1.0,5.0,6.495835659850551,70811.82502832159,0.4690603432224495,0.6117516913919987,-0.07803626246750354
180.0,0.00040565263765431536,473.0,5.0,350.0,2.0,9.0,3.8321423434144246,73248.18994818594,0.22821051363413075,0.40724329063580905,-0.07467804327607155
165.0,0.0005379211945998212,453.0,5.0,555.0,3.0,7.0,0.6031268054756033,49137.4406678298,0.5377898663270316,0.01,-0.0617119150236249
372.0,0.00040162418736907073,904.0,3.0,1069.0,3.0,7.0,7.144622483338835,40238.50490526313,0.051962486209107095,0.20673078127146483,-0.04224249981343746
430.0,0.00019886301562249033,511.0,1.0,482.0,3.0,7.0,1.5362115531713425,63067.07760733914,0.3891221193111738,0.6594717651333774,-0.14686600416898726
278.0,0.00033089369223500154,56.0,1.0,633.0,3.0,6.0,2.741339496363467,48208.24520144285,0.5051762521561902,0.44047295182402446,-0.1399553708732128
500.0,1e-05,674.0,5.0,1148.0,1.0,7.0,2.6290241802402248,41127.47901991466,0.02204836855806401,0.21518836776453812,-0.12110691331326962
21.0,0.00030006932018766764,119.0,5.0,1087.0,4.0,4.0,5.309993637680176,59585.62918640646,0.8603707366210457,0.21785187324473518,-0.02773391390219331
442.0,0.00014771384156315705,468.0,5.0,1166.0,2.0,7.0,10.0,43501.798287892285,0.31830258681346363,0.1930929211113703,-0.12652471102774143
20.0,0.0006915576402421582,987.0,4.0,714.0,5.0,5.0,5.982177248541155,60764.70488478086,0.586182045465953,0.6097013755828783,-0.02815588442608714
71.0,0.0005061708898350516,342.0,4.0,885.0,1.0,6.0,6.045444525689145,24226.381666648704,0.018867808750526356,0.06688949603120707,-1.007918757200241
20.0,0.0007268077301918544,1039.0,4.0,538.0,4.0,4.0,7.66085564802749,83851.03571615643,0.9182234014061534,0.4336297280088357,-2.0
181.0,0.0005854651803362443,213.0,2.0,349.0,1.0,3.0,8.027435268757829,97410.55237285752,0.40639129812259883,0.29327092579011094,-0.044655744545161725
20.0,0.001,80.0,5.0,419.0,1.0,5.0,7.157941145397034,62681.2594197319,0.84958652564034,0.6204380541733269,-0.03194009810686112
103.0,1e-05,59.0,6.0,493.0,4.0,3.0,4.124734567555512,60640.0891160264,0.5524929558690996,0.09255688916631413,-0.10741728730499744
20.0,0.0006925503637056481,1008.0,5.0,229.0,3.0,6.0,8.736512282066395,81505.23507689415,0.05751431463073024,0.5071134696857498,-2.0
224.0,0.0007891917793195908,50.0,5.0,571.0,4.0,4.0,1.9854232418432987,47444.306400231406,0.6095726899836216,0.27657902807021645,-0.09882244728505611
234.0,0.0007973880996032531,611.0,3.0,880.0,3.0,5.0,1.592175994174585,46625.72338743946,0.4123352809921082,0.7431581308580472,-0.07262201867997646
172.0,0.00041364241272261697,594.0,1.0,1058.0,4.0,4.0,7.157986103405067,87581.02773172365,0.31420885669251786,0.48321344943116085,-0.052851144783198835
231.0,0.001,636.0,3.0,868.0,1.0,4.0,6.639327210744358,57375.07675360735,0.7553752094877588,0.5535688992567473,-0.09881905689835549
247.0,0.0003595890129186491,605.0,3.0,1200.0,2.0,7.0,5.999876097214874,64779.289388676276,0.1917263404858251,0.5101471716844465,-0.06849094405770302
278.0,0.00012419260932613379,50.0,1.0,791.0,3.0,4.0,5.425673908720517,89962.90344017172,0.031414673445164534,0.3740791234156461,-0.21559102945029734
335.0,0.0006283867242294983,50.0,5.0,697.0,2.0,4.0,2.406397584030709,56574.58010758736,0.13634063377024128,0.538492640376666,-0.11200477965176106
206.0,0.0003710791000109031,161.0,1.0,893.0,2.0,6.0,2.4552132196440493,89046.841164941,0.10878125880676358,0.4456127969566017,-0.05511203333735466
209.0,0.0006677246765090837,50.0,5.0,338.0,4.0,5.0,3.5592060068548235,58254.94542454386,0.7456580587495383,0.033817528587974606,-0.09571502022445202
140.0,0.00021876370188586417,325.0,1.0,767.0,2.0,4.0,9.077503282781137,75735.26047438639,0.3731305765032096,0.839258766998348,-0.06043919380754233
195.0,0.0004581115148502402,1200.0,1.0,80.0,2.0,8.0,7.3332473966068,30708.420507328705,0.13531516383124104,0.19022229308327807,-0.055282813310623166
367.0,0.0005517364842316916,518.0,1.0,1194.0,5.0,4.0,7.232502449672906,100000.0,0.13389290270151571,0.6200440005736363,-0.061442284286022185
444.0,0.0004593890941654335,1107.0,2.0,927.0,5.0,4.0,5.347523606920004,91774.1781507553,0.45796163763882164,0.537079055051512,-0.09070727042853832
452.0,0.0005875171227645645,50.0,3.0,431.0,1.0,4.0,5.680624602424038,52065.706113159205,0.6670356992272266,0.39731909406769594,-0.18966038078069686
190.0,0.00024776420396123433,50.0,1.0,859.0,2.0,6.0,4.800788466871378,71547.68665662273,0.1432720506155234,0.601950424342067,-0.10411163046956062
236.0,0.0006323696446262321,50.0,6.0,1083.0,3.0,4.0,1.3731940119687889,59839.7694163819,0.659503842456233,0.724564521168764,-0.12165411598980427
299.0,0.00021147080856360353,951.0,4.0,1166.0,5.0,4.0,2.176983482174516,72181.00150516315,0.7817280446209476,0.07560083962891254,-0.10638808719813823
448.0,0.0002600251599984999,209.0,3.0,1084.0,2.0,7.0,0.7991347425022726,73605.81197226325,0.25211719536624333,0.38924666383323725,-0.11426855809986591
20.0,0.0008834804192363425,638.0,6.0,1029.0,4.0,5.0,5.18847853907187,39464.74846906175,0.6144539399106814,0.5594390109194607,-2.0
143.0,0.00042086579410545644,934.0,1.0,1085.0,2.0,8.0,7.0475384820549145,32025.092386714976,0.3336509483572817,0.36800301466415747,-0.06067395266145468
358.0,0.000841695920044914,819.0,2.0,779.0,4.0,6.0,1.9994921360367162,78442.7807602785,0.23876073521492924,0.25846704393014425,-0.08231160826981068
414.0,0.00013037359307149952,904.0,1.0,521.0,4.0,5.0,4.139670772022528,51886.24253840683,0.6498522843562962,0.6640892723161663,-0.13739252462983131
433.0,0.00011021280022852095,50.0,5.0,498.0,1.0,4.0,2.8366122900421855,69090.70979754688,0.3760234924592518,0.06006250555401273,-0.16931565031409263
472.0,0.00023405320277321802,50.0,1.0,642.0,1.0,6.0,2.683863317025101,79130.95006102437,0.07685461594149583,0.286929069592415,-0.15847698375582694
482.0,0.0009108816268922035,50.0,3.0,742.0,5.0,4.0,9.971946585659534,64985.03429782858,0.21053081444966865,0.7594206726244608,-0.12802988886833191
500.0,4.9041873139058404e-05,1112.0,2.0,362.0,1.0,4.0,0.5154441000780196,4929.983437725692,0.8977969279549249,0.06652826180719046,-0.21813932210206985
500.0,0.0009880774510526368,932.0,1.0,865.0,3.0,4.0,4.329891488470165,98429.29411969664,0.5229193216488032,0.865390004803704,-0.1250213798135519
200.0,0.0008224375262444074,257.0,1.0,309.0,5.0,5.0,0.9840653994107995,43679.15425213608,0.2250976200698186,0.5052819597551248,-0.05363360457122326
500.0,0.00011355099684491648,220.0,1.0,298.0,2.0,4.0,5.864534417999907,14883.298234933849,0.650968177564143,0.8105070227376179,-0.29050230234861374
238.0,0.0009086131859888877,968.0,1.0,152.0,5.0,5.0,1.4047314862428497,52829.328663293345,0.7064736515656453,0.7572418582111464,-0.09147040136158466
223.0,0.0003305386906525744,931.0,1.0,735.0,4.0,4.0,3.3164755105178667,88319.12552538447,0.18814275469589722,0.6821085354883869,-0.05387159530073404
121.0,0.0007855994986704243,767.0,4.0,195.0,1.0,6.0,0.3649171691491424,54409.71273083259,0.4296604900469103,0.46599923967284534,-0.07339344769716263
467.0,0.0003428729653219601,50.0,4.0,1038.0,1.0,7.0,2.5925493912798934,29758.657043377112,0.49898270971684616,0.5987456396258052,-0.28253843635320663
82.0,0.0002276169037272762,1055.0,3.0,927.0,2.0,9.0,7.355960679912788,76560.08342836374,0.12458350621081071,0.39980967726778804,-0.04128579366952181
142.0,0.00036787716272580344,573.0,2.0,235.0,3.0,5.0,8.787402165063074,50217.029856365705,0.33696298306879713,0.9582805279538545,-0.05923192910850048
500.0,0.00040226950716061496,751.0,2.0,64.0,5.0,7.0,1.1898220091972316,51645.16683757621,0.36925823939204594,0.06967015666647645,-0.11649017073214055
191.0,0.0006258311454960731,560.0,6.0,636.0,5.0,6.0,3.5577490678697252,51720.31524213046,0.49715295120228753,0.6748744487202918,-0.0898991908878088
62.0,0.00027153014309855874,826.0,3.0,499.0,5.0,7.0,2.433039886110347,47739.18479024813,0.19698807207274188,0.13781421006238936,-0.029050751496106385
84.0,0.0008418591239132036,199.0,1.0,801.0,5.0,5.0,1.4387410283818398,41610.26863337467,0.4660754783002807,0.1508669292912507,-0.03903930187225342
377.0,0.0005815942725083986,332.0,2.0,887.0,4.0,5.0,2.326660902173777,43233.29955293967,0.45011983715231757,0.14658775848128916,-0.07874495647847653
290.0,0.0001339137214027773,707.0,1.0,583.0,4.0,5.0,0.964280584493303,36168.130740106426,0.5517060712714352,0.19115642632492094,-0.09176946394145488
253.0,0.0009571382969208398,200.0,1.0,314.0,3.0,5.0,3.8652675076675775,44057.355476378,0.37628117174176295,0.1456077282471688,-0.056726066023111345
253.0,0.0002710040152039259,380.0,1.0,182.0,1.0,6.0,6.209686947837756,42752.98875345416,0.47618688788073543,0.09947796175988219,-0.09447606354951858
86.0,0.0006071719034032988,701.0,6.0,848.0,2.0,4.0,6.858719493179732,52331.45417986091,0.7878527079054273,0.40561450947749705,-0.05986529141664505
201.0,1.9040933996889375e-05,451.0,5.0,284.0,4.0,3.0,0.7333584763903803,53167.48014603116,0.7832594432416311,0.3931864883450535,-0.11597535200417042
433.0,0.00046752687222479793,351.0,6.0,400.0,3.0,8.0,2.193586294278367,19732.18246348453,0.7695641173313303,0.01,-0.1619506523013115
456.0,0.0006595908551960159,267.0,3.0,432.0,4.0,5.0,7.755894448950012,58753.50202786747,0.8631037604431238,0.44787885068834127,-0.12906488925218582
197.0,2.1106945154095292e-05,812.0,3.0,533.0,4.0,5.0,5.112317650349913,65255.673974489764,0.725065141111959,0.8435224526532575,-0.10304085016250611
66.0,0.0003489387655969632,835.0,5.0,1140.0,2.0,7.0,0.5499922597703845,84619.93700011433,0.459495895654994,0.7639719075751988,-0.05416935533285141
467.0,0.0005773896214709728,1046.0,2.0,188.0,1.0,5.0,3.6887586280334204,85561.40124125288,0.2822982507735821,0.7085847031887019,-0.10584997348487377
199.0,0.0006761948308827859,132.0,2.0,940.0,2.0,4.0,6.532333446056679,78932.72829103669,0.3953807120457795,0.01,-0.054484896920621396
98.0,0.00028917609591684243,266.0,3.0,387.0,2.0,6.0,3.671965645375887,33486.07119138539,0.44200558607887885,0.6046071652551759,-0.06548416633158922
356.0,0.0008656839656322211,768.0,1.0,693.0,3.0,5.0,2.0315222437774763,44880.51313894213,0.21904578775619124,0.28933092406303523,-0.06706991083920003
436.0,0.0008221595377761857,143.0,1.0,238.0,6.0,5.0,4.752250783717833,45208.17996858096,0.3242987884871574,0.25296312356052675,-0.09992842935025692
371.0,0.0003166380008537815,238.0,1.0,728.0,4.0,5.0,1.6711292936859363,39350.49531658481,0.5736174810986132,0.944001084555601,-0.1282673604786396
180.0,7.471244802706743e-05,600.0,2.0,564.0,6.0,3.0,4.044911273219155,98893.947425873,0.3604457973850714,0.6877359454153904,-0.044683099165558814
192.0,0.0004398220933148062,161.0,3.0,61.0,5.0,7.0,7.505393027258215,42696.08908851445,0.48658861212298715,0.1401411093583275,-0.09138170629739761
169.0,0.0003904732022361837,739.0,5.0,571.0,3.0,6.0,5.067040069505418,21633.722739034867,0.8449222188276403,0.5394568532210219,-0.09326318204402924
160.0,0.00018534963606836735,711.0,3.0,272.0,2.0,6.0,1.7406812200519222,32366.782528686443,0.7276998292229349,0.3444028482388085,-0.08764513991773129
333.0,2.670431865752555e-05,1079.0,4.0,283.0,2.0,4.0,1.143659609312851,76090.63113296079,0.18576859589833056,0.4391360540623474,-0.10918754637241364
315.0,0.00017700416789356393,504.0,3.0,623.0,5.0,5.0,2.1356145583773327,70357.04488692495,0.40349456916902865,0.7505248519810396,-0.1153880625963211
383.0,0.00032790938388997854,778.0,4.0,480.0,5.0,4.0,8.368649623483234,78027.67585426182,0.5331873453836181,1.0,-0.10879810228943824
45.0,0.0003565670896216627,526.0,6.0,476.0,6.0,3.0,8.267427454677593,31212.22009273202,0.4967707927782691,0.31875154927066807,-0.01894685011357069
164.0,0.0002921336412603627,86.0,4.0,91.0,1.0,3.0,2.298178936329659,25712.740788073625,0.8459528415130452,0.49355890276634695,-0.08196998536586761
107.0,0.0006994661944352178,417.0,4.0,751.0,3.0,6.0,3.5677842341879993,16295.832521170145,0.5652786157210332,0.8284618599562127,-0.07541032880544662
141.0,0.00010479168732682833,936.0,5.0,160.0,4.0,4.0,3.6899586408493525,56846.33351433139,0.6831076296125798,0.3349465746453225,-0.08340412117540837
172.0,0.0008116159678755614,662.0,6.0,897.0,5.0,5.0,2.730007130511484,79989.84371370787,1.0,0.4723679431897648,-0.08453903123736381
326.0,0.000913638529086529,631.0,3.0,1128.0,2.0,6.0,4.530574649022916,20011.0667470468,0.5682133402935987,0.5650417123873397,-0.12576886862516404
87.0,0.00041790209720034293,389.0,6.0,1166.0,4.0,4.0,1.1481546187290816,44864.38385202138,0.9660776426608142,0.20034294226152163,-0.05400754660367966
103.0,0.0007965416777846917,587.0,4.0,239.0,2.0,7.0,0.6325506899190727,81474.84607583834,0.01,1.0,-1.015910369157791
371.0,0.0008289440191177274,568.0,5.0,269.0,3.0,7.0,6.511648801075197,74664.07359481415,0.5155420999525173,0.6002857899671263,-0.12803396098315717
109.0,0.00019505002206130328,308.0,6.0,562.0,2.0,3.0,0.8575127345371352,42027.63466363548,0.7832163617871303,0.325792301804358,-0.0485322130843997
335.0,0.00043653737602133313,988.0,6.0,1197.0,4.0,6.0,5.014619621970999,14155.144184283277,0.9207241692116531,0.858234251555559,-0.13197702243924142
267.0,0.00015446325401950308,905.0,1.0,826.0,2.0,8.0,1.1219713552626875,1000.0,0.6304008934750951,0.01,-0.09209309332072735
286.0,0.000934034933911572,490.0,2.0,390.0,3.0,4.0,8.735708006776768,39761.84910862891,0.6221464238490927,0.9152113305211504,-0.08727036006748676
301.0,0.00041548714025425203,187.0,6.0,1018.0,1.0,4.0,1.0070489151789217,42451.60597223707,0.6478695110688835,0.41156503173490505,-0.13271052166819572
289.0,0.0006036899564517167,401.0,1.0,752.0,5.0,5.0,4.781698531967864,40366.30225402058,0.3233879086575468,0.08184332684566012,-0.053623337857425214
418.0,0.000178632887941814,434.0,5.0,779.0,2.0,4.0,2.161633578737867,19251.655021395036,0.9362305894280633,0.01,-0.16202667877078056
20.0,0.0005605303235315093,50.0,3.0,150.0,6.0,6.0,9.171665927084938,64074.27848857249,0.39885683026362245,0.20331532853840342,-0.022171943448483944
442.0,0.00039494007054902293,702.0,2.0,74.0,2.0,3.0,1.4777057877976998,89063.5106891724,0.31058459714089676,0.7197241898133259,-0.08398538939654827
117.0,0.000582193177550275,1186.0,3.0,797.0,2.0,3.0,7.8198475607605396,34590.15097495413,0.4117157218748208,0.8450905397398446,-0.03760874979197979
261.0,0.0007800794660778362,50.0,5.0,435.0,4.0,3.0,8.768966635393879,43866.82462183093,0.20350418738702317,0.6336817615840629,-0.05763959288597107
142.0,5.5056774849472226e-05,1166.0,4.0,912.0,1.0,7.0,1.1210918442135063,98111.10253344059,0.5351536058323916,0.45405859125641806,-0.07966485135257244
179.0,0.0006410445273282472,295.0,1.0,448.0,5.0,6.0,9.0659452410424,45551.852256030856,0.19259390224745407,0.2203565924168993,-0.046472367458045484
143.0,0.00010457412541508984,907.0,1.0,480.0,1.0,5.0,8.401192096120539,5430.812366218545,1.0,0.650440157854501,-0.08336132653057575
30.0,0.0002999580183001563,217.0,2.0,870.0,3.0,3.0,8.311266056609904,30407.13809448767,0.24982422017317593,0.35260970107911727,-0.012635677075013518
307.0,0.0005567325503130471,493.0,4.0,583.0,1.0,3.0,4.353898128068524,19738.75238534388,0.2930157086687536,0.5839278181475692,-0.05507457163184881
327.0,0.0005222934932973854,781.0,1.0,1021.0,5.0,3.0,6.009583671033688,36903.73284883742,0.01,0.6858731882511521,-0.923801121301949
209.0,0.0009582099189396225,338.0,3.0,530.0,2.0,3.0,0.9100450108216426,19720.109782779055,0.4289556811783412,0.1805524490803943,-0.041996699571609494
406.0,0.0007441391552741704,531.0,4.0,432.0,4.0,3.0,6.400823333270061,33553.21303500289,0.5351319689847217,0.6906073293829855,-0.07447091825306415
318.0,0.0009718753268200072,893.0,4.0,355.0,3.0,3.0,8.094268459100403,47345.92701652564,0.6206605337836717,1.0,-0.07446117289364337
74.0,0.0006302498340045961,1121.0,1.0,296.0,5.0,5.0,6.641872786507674,35396.02397802246,0.5709290835365037,0.053794734218444516,-0.03611640762537718
151.0,0.0007214968036462672,428.0,1.0,443.0,4.0,3.0,3.2900762543077824,35786.86591620706,0.7006578156270793,0.18897040507390583,-0.04153890032321215
352.0,0.0009855619664944325,372.0,4.0,949.0,4.0,4.0,9.44714654306639,100000.0,0.4906325209669778,0.880607182771639,-0.11732930541038514
265.0,0.0001526062960891277,1068.0,5.0,1156.0,1.0,3.0,0.7897775471283186,37944.338047150406,0.12471554097616858,0.12565812766917728,-0.031141034606844187
20.0,0.0009608376987884224,347.0,3.0,582.0,4.0,7.0,4.624950574088386,73922.2725777106,0.2214332773129483,0.01,-2.0
63.0,0.000714853974077255,364.0,1.0,607.0,3.0,8.0,1.455202660698114,34746.47723483081,0.3338043760097493,0.0889055764906904,-0.03636007942259312
21.0,1e-05,380.0,3.0,736.0,3.0,6.0,6.6705283110290665,75111.99811164389,0.38537072041213344,0.30927115968732843,-0.026328675355762242
475.0,0.001,424.0,1.0,1120.0,3.0,8.0,0.271534889675188,30087.65883114783,0.34486118398786636,0.19216725546134036,-2.0
481.0,0.0005418700581383551,320.0,2.0,387.0,1.0,8.0,3.8324701274743886,37946.07979588338,0.36245165880339514,0.01,-0.12551958560943605
167.0,0.0008119525313277907,127.0,2.0,144.0,5.0,8.0,7.735509838023625,7531.217390282019,0.16826996256951082,0.2581662273577664,-0.05160666666924953
414.0,0.0007015269034877145,913.0,2.0,670.0,5.0,6.0,1.437519614742265,81313.11484150389,0.029043829265795358,0.12923331317263137,-0.042320375330746174
20.0,0.0005507412794390045,221.0,2.0,891.0,4.0,8.0,5.01660399825165,35220.219040241755,0.3519810951773721,0.023665588209029455,-0.01808515638113022
245.0,0.0007483611936850289,274.0,3.0,478.0,1.0,8.0,9.975236624153398,17137.85666311923,0.4672052424424754,0.157382738647576,-0.09471224136650562
20.0,0.0006980826438131778,173.0,4.0,294.0,5.0,3.0,4.802400303525772,28879.533865489884,0.6736097495418267,0.98932294061176,-0.015973077714443208
163.0,0.0009704288047977949,872.0,5.0,220.0,2.0,3.0,1.0133566386356025,49530.46996992678,0.5717075556414337,0.32458016961649505,-0.04650045707821846
486.0,0.0004084222756221764,469.0,2.0,790.0,2.0,3.0,5.819122581687291,24383.012977655755,0.9045932905688306,0.16133831113932456,-0.1180303942412138
500.0,0.0005947508239181676,170.0,1.0,713.0,1.0,8.0,6.527716630122385,15042.94493238938,0.155783053387123,0.33949439060805103,-0.11767115145921707
20.0,0.0006670413842189056,789.0,6.0,175.0,5.0,4.0,3.6012641839706308,54489.303969011446,0.8000983718955831,0.22490597858099715,-2.0
161.0,0.0005068204985673332,551.0,3.0,1200.0,3.0,4.0,3.0334653767754696,53837.53112367084,0.7424595419188007,0.49140880729845443,-0.0652521887794137
89.0,0.0005636772367769537,911.0,1.0,1013.0,6.0,5.0,0.1,71224.91690442454,0.6032071432291297,0.5524457905308754,-0.047180814668536186
238.0,0.0003056008075387112,1200.0,1.0,1117.0,6.0,8.0,6.014253489198262,24685.719221330186,0.21423759726466013,0.32251369129087143,-0.059272045455873015
150.0,0.0006357095575718072,611.0,5.0,183.0,3.0,6.0,8.234122795503518,42767.474968344555,0.28085965255679085,0.4831057705108973,-0.07821727804839611
86.0,0.0009867619341730257,64.0,1.0,50.0,5.0,5.0,0.9886720163671808,66204.76051173196,0.6082472650282504,0.6771211536212428,-0.060048109665513036
20.0,0.0007457691359393253,1174.0,6.0,119.0,3.0,3.0,7.033748745957616,31395.71042975481,0.9683677928500807,0.8063959623884174,-0.03165742876008153
